Title,Publisher,Genre,Year,Rating,Console,MaxPlayers,AvgHoursToFinish,Sales,ReviewScore
Puyo Pop Fever,Sega,"Action,Strategy",2004,E,Nintendo DS,1,2.5,0.04,76
Sprung,Ubisoft,Adventure,2004,E,Nintendo DS,1,17.75,0.06,48
Asphalt: Urban GT,Ubisoft,"Racing / Driving,Simulation",2004,E,Nintendo DS,1,12.4,0.11,60
Polarium,Nintendo,Strategy,2004,E,Nintendo DS,1,6.73,0.12,73
Ridge Racer DS,Namco,Racing / Driving,2004,E,Nintendo DS,1,2.23,0.15,63
Spider-Man 2,Activision,Action,2004,E,Nintendo DS,1,13.25,0.45,61
WarioWare Touched!,Nintendo,"Action,Racing / Driving,Sports",2004,E,Nintendo DS,2,4.57,0.54,81
Super Mario 64 DS,Nintendo,Action,2004,E,Nintendo DS,1,22.72,4.69,85
Mega Man Battle Network 5: Double Team DS,Capcom,"Action,Role-Playing (RPG)",2005,E,Nintendo DS,1,36.23,0.06,68
Nanostray,THQ,Action,2005,E,Nintendo DS,1,1.43,0.06,71
Scooby-Doo! Unmasked,THQ,Action,2005,E,Nintendo DS,1,8,0.08,60
Viewtiful Joe: Double Trouble!,Capcom,Action,2005,E,Nintendo DS,1,5.17,0.08,73
Battles of Prince of Persia,Ubisoft,Strategy,2005,E,Nintendo DS,1,8.5,0.09,64
Ford Racing 3,,"Action,Racing / Driving",2005,E,Nintendo DS,1,7.1,0.1,49
Bomberman,Ubisoft,Strategy,2005,E,Nintendo DS,1,3.33,0.11,75
Madden NFL 06,EA,Sports,2005,E,Nintendo DS,1,3.75,0.12,66
Dragon Ball Z: Supersonic Warriors 2,Atari,Action,2005,E,Nintendo DS,1,15.08,0.13,66
Spyro: Shadow Legacy,,Role-Playing (RPG),2005,E,Nintendo DS,1,4,0.15,50
Burnout Legends,EA,"Action,Racing / Driving",2005,E,Nintendo DS,1,12.83,0.16,38
Meteos,Nintendo,Strategy,2005,E,Nintendo DS,1,17.27,0.16,88
Shrek SuperSlam,Activision,Action,2005,E,Nintendo DS,1,1.22,0.18,56
Tony Hawk's American Sk8land,Activision,Sports,2005,E,Nintendo DS,1,18.8,0.21,84
Metroid Prime Pinball,Nintendo,"Action,Simulation",2005,E,Nintendo DS,1,5.57,0.22,79
Need for Speed: Most Wanted,EA,Racing / Driving,2005,E,Nintendo DS,1,14.6,0.25,45
Pokmon Trozei!,Nintendo,Strategy,2005,E,Nintendo DS,1,3.23,0.26,74
Madagascar,Activision,Adventure,2005,E,Nintendo DS,1,6.68,0.27,66
Star Wars: Episode III - Revenge of the Sith,Ubisoft,Action,2005,E,Nintendo DS,1,5.1,0.28,73
SpongeBob SquarePants: The Yellow Avenger,THQ,Action,2005,E,Nintendo DS,1,11.85,0.31,67
Phoenix Wright: Ace Attorney,Capcom,"Adventure,Simulation",2005,E,Nintendo DS,1,19.68,0.38,81
Clubhouse Games,Nintendo,Strategy,2005,E,Nintendo DS,1,20,0.61,83
Mario & Luigi: Partners in Time,Nintendo,"Action,Role-Playing (RPG)",2005,E,Nintendo DS,1,19.67,0.75,86
Sonic Rush,Sega,Action,2005,E,Nintendo DS,1,7.92,1.2,82
Big Brain Academy,Nintendo,Action,2005,E,Nintendo DS,1,9.17,1.77,74
Brain Agey: More Training in Minutes a Day!,Nintendo,Action,2005,E,Nintendo DS,1,13.25,3.65,77
Nintendogs,Nintendo,Simulation,2005,E,Nintendo DS,1,39.38,9.72,83
Mario Kart DS,Nintendo,Racing / Driving,2005,E,Nintendo DS,1,10.42,9.99,91
Tenchu: Dark Secret,Nintendo,Action,2006,E,Nintendo DS,1,7.1,0.02,37
SBK: Snowboard Kids,,"Action,Sports",2006,E,Nintendo DS,1,6.32,0.02,63
MechAssault: Phantom War,,Action,2006,E,Nintendo DS,1,7.5,0.03,66
Tao's Adventure: Curse of the Demon Seal,Konami,Role-Playing (RPG),2006,E,Nintendo DS,1,45,0.04,50
Bomberman Land Touch!,,Action,2006,E,Nintendo DS,1,16.42,0.04,78
Cartoon Network Racing,,Racing / Driving,2006,E,Nintendo DS,1,14.87,0.05,55
Lara Croft Tomb Raider: Legend,Eidos,"Action,Racing / Driving",2006,E,Nintendo DS,1,9.15,0.05,58
Guilty Gear: Dust Strikers,,Action,2006,E,Nintendo DS,1,0.32,0.05,60
Worms: Open Warfare,THQ,"Action,Strategy",2006,E,Nintendo DS,1,9.12,0.05,64
Gunpey DS,Namco,Strategy,2006,E,Nintendo DS,1,8,0.05,70
Contact,,"Adventure,Role-Playing (RPG)",2006,E,Nintendo DS,1,15.6,0.07,73
Justice League Heroes,,Action,2006,E,Nintendo DS,1,10.37,0.08,43
Digimon World DS,Namco,Role-Playing (RPG),2006,E,Nintendo DS,1,30.65,0.08,49
X-Men: The Official Game,Activision,Action,2006,E,Nintendo DS,1,11.88,0.1,50
Magical Starsign,Nintendo,Role-Playing (RPG),2006,E,Nintendo DS,1,28.97,0.1,69
Resident Evil: Deadly Silence,Capcom,Action,2006,E,Nintendo DS,1,6.9,0.1,71
Eragon,,"Action,Role-Playing (RPG)",2006,E,Nintendo DS,1,8.83,0.14,63
Master of Illusion,Nintendo,Strategy,2006,E,Nintendo DS,1,4.1,0.14,69
Children of Mana,"Nintendo,SquareEnix","Action,Role-Playing (RPG)",2006,E,Nintendo DS,1,22.55,0.16,65
Phoenix Wright: Ace Attorney - Justice for All,Capcom,"Adventure,Simulation",2006,E,Nintendo DS,1,18.83,0.17,76
Pirates of the Caribbean: Dead Man's Chest,,Action,2006,E,Nintendo DS,1,2.68,0.24,63
Over the Hedge,Activision,Adventure,2006,E,Nintendo DS,1,7.22,0.26,71
Avatar: The Last Airbender,THQ,Action,2006,E,Nintendo DS,1,4.75,0.3,64
Metroid Prime: Hunters,Nintendo,Action,2006,E,Nintendo DS,1,9.3,0.58,85
Final Fantasy III,SquareEnix,Role-Playing (RPG),2006,E,Nintendo DS,1,51.07,0.86,77
LEGO Star Wars II: The Original Trilogy,EA,Action,2006,E,Nintendo DS,1,17.55,1.02,47
Pokmon Ranger,Nintendo,Role-Playing (RPG),2006,E,Nintendo DS,1,16.55,1.36,69
Yoshi's Island DS,Nintendo,Action,2006,E,Nintendo DS,1,9.63,1.49,81
Pokmon Diamond,Nintendo,Role-Playing (RPG),2006,E,Nintendo DS,1,101.07,6.77,85
Pokmon Pearl,Nintendo,Role-Playing (RPG),2006,E,Nintendo DS,1,101.07,6.77,85
Nervous Brickdown,,Action,2007,E,Nintendo DS,1,8,0.01,70
Front Mission,SquareEnix,Strategy,2007,E,Nintendo DS,1,20.87,0.01,72
Turn It Around,,"Racing / Driving,Sports",2007,E,Nintendo DS,1,1,0.02,39
Fantastic Four: Rise of the Silver Surfer,2K,Action,2007,E,Nintendo DS,1,7.6,0.04,35
Zendoku,Eidos,"Role-Playing (RPG),Strategy",2007,E,Nintendo DS,1,4,0.04,68
Brothers in Arms DS,Ubisoft,Action,2007,E,Nintendo DS,1,6.33,0.04,72
Ultimate Mortal Kombat 3,Midway,Action,2007,E,Nintendo DS,1,3.85,0.05,73
Myst,Midway,Adventure,2007,E,Nintendo DS,1,7.87,0.06,43
Worms: Open Warfare 2,THQ,"Action,Strategy",2007,E,Nintendo DS,1,9.12,0.07,81
MX vs. ATV Untamed,THQ,Racing / Driving,2007,E,Nintendo DS,1,12,0.11,61
Rondo of Swords,,"Role-Playing (RPG),Strategy",2007,E,Nintendo DS,1,23.23,0.15,69
Planet Puzzle League,Nintendo,Strategy,2007,E,Nintendo DS,1,0.32,0.16,86
Picross DS,Nintendo,Strategy,2007,E,Nintendo DS,1,62.43,0.17,83
Etrian Odyssey,Nintendo,Role-Playing (RPG),2007,E,Nintendo DS,1,60.82,0.19,75
Hotel Dusk: Room 215,Nintendo,Adventure,2007,E,Nintendo DS,1,15.6,0.22,78
Harry Potter and the Order of the Phoenix,EA,Action,2007,E,Nintendo DS,1,12.38,0.29,51
Wario: Master of Disguise,Nintendo,Action,2007,E,Nintendo DS,1,10.28,0.29,60
Puzzle Quest: Challenge of the Warlords,,"Role-Playing (RPG),Strategy",2007,E,Nintendo DS,1,41.17,0.3,82
Bleach: The Blade of Fate,Sega,Action,2007,E,Nintendo DS,1,18.62,0.31,83
Final Fantasy Tactics A2: Grimoire of the Rift,SquareEnix,"Role-Playing (RPG),Strategy",2007,E,Nintendo DS,1,79.47,0.36,80
Bee Movie Game,Activision,Adventure,2007,E,Nintendo DS,1,5.77,0.44,58
Spectrobes,,"Action,Strategy",2007,E,Nintendo DS,1,22.02,0.68,63
Namco Museum DS,Namco,Action,2007,E,Nintendo DS,1,10,0.8,67
Deal or No Deal,,Strategy,2007,E,Nintendo DS,1,0.98,1.1,20
Professor Layton and the Curious Village,Nintendo,"Adventure,Educational,Strategy",2007,E,Nintendo DS,1,14.42,1.26,85
Cooking Mama 2: Dinner with Friends,,Simulation,2007,E,Nintendo DS,1,8.22,1.56,70
Pokmon Mystery Dungeon: Explorers of Darkness,Nintendo,Role-Playing (RPG),2007,E,Nintendo DS,1,31.18,1.91,59
The Legend of Zelda: Phantom Hourglass,Nintendo,Action,2007,E,Nintendo DS,1,20.22,1.92,90
LEGO Star Wars: The Complete Saga,,"Action,Racing / Driving",2007,E,Nintendo DS,1,24.88,2.66,80
The Legend of Kage 2,SquareEnix,Action,2008,E,Nintendo DS,1,3.33,0.03,70
Izuna 2: The Unemployed Ninja Returns,,Role-Playing (RPG),2008,E,Nintendo DS,1,13.25,0.04,65
Zubo,EA,"Adventure,Role-Playing (RPG),Strategy",2008,E,Nintendo DS,1,15,0.05,75
The Spiderwick Chronicles,,Role-Playing (RPG),2008,E,Nintendo DS,1,5.33,0.06,60
Summon Night: Twin Age,,Role-Playing (RPG),2008,E,Nintendo DS,1,15.33,0.06,73
Lock's Quest,THQ,"Action,Adventure,Strategy",2008,E,Nintendo DS,1,14.9,0.06,80
Spider-Man: Web of Shadows,Activision,Action,2008,E,Nintendo DS,1,12.57,0.09,77
Ninja Gaiden: Dragon Sword,,Action,2008,E,Nintendo DS,1,5.3,0.16,83
Harvest Moon: Island of Happiness,,"Simulation,Strategy",2008,E,Nintendo DS,1,43,0.42,65
Advance Wars: Days of Ruin,Nintendo,Strategy,2008,E,Nintendo DS,4,33.93,0.43,86
The Legendary Starfy,Nintendo,"Action,Adventure",2008,E,Nintendo DS,1,14.25,0.5,75
Sonic Chronicles: The Dark Brotherhood,Sega,"Action,Role-Playing (RPG)",2008,E,Nintendo DS,1,22.17,0.52,74
Kung Fu Panda,Activision,Action,2008,E,Nintendo DS,1,6.7,0.56,71
The Urbz: Sims in the City,EA,Simulation,2004,M,Nintendo DS,1,21.93,0.41,67
The Rub Rabbits!,Sega,"Action,Adventure",2005,M,Nintendo DS,2,3.17,0.02,68
Fullmetal Alchemist: Dual Sympathy,,Action,2005,M,Nintendo DS,1,14,0.05,58
Lunar: Dragon Song,Ubisoft,Role-Playing (RPG),2005,M,Nintendo DS,1,25.63,0.12,59
The Sims 2,EA,"Role-Playing (RPG),Simulation",2005,M,Nintendo DS,1,55.93,0.83,70
Brain Age: Train Your Brain in Minutes a Day!,Nintendo,Action,2005,M,Nintendo DS,1,0.95,5.07,77
Point Blank DS,"Atari,Namco",Action,2006,M,Nintendo DS,1,0.9,0.04,66
Scurge: Hive,,Action,2006,M,Nintendo DS,1,10.78,0.04,70
Alex Rider: Stormbreaker,THQ,"Action,Adventure",2006,M,Nintendo DS,1,6.5,0.05,48
Monster House,THQ,Action,2006,M,Nintendo DS,1,6.67,0.15,62
Elite Beat Agents,Nintendo,Action,2006,M,Nintendo DS,1,10.27,0.27,87
Castlevania: Portrait of Ruin,Konami,Action,2006,M,Nintendo DS,1,13.13,0.3,85
Tetris DS,Nintendo,Strategy,2006,M,Nintendo DS,1,27.4,0.66,84
Mario Hoops 3 on 3,Nintendo,Sports,2006,M,Nintendo DS,1,4.25,1.03,69
Cooking Mama,,Simulation,2006,M,Nintendo DS,1,8.63,2.9,67
Ontamarama,,Action,2007,M,Nintendo DS,1,1,0.05,71
Cake Mania,,Action,2007,M,Nintendo DS,1,6,0.08,55
Draglade,,Action,2007,M,Nintendo DS,1,4.92,0.1,71
Final Fantasy Fables: Chocobo Tales,SquareEnix,Action,2007,M,Nintendo DS,1,17.2,0.1,75
Rayman Raving Rabbids,Ubisoft,Action,2007,M,Nintendo DS,1,6.7,0.12,56
Dementium: The Ward,,Action,2007,M,Nintendo DS,1,4.02,0.15,72
Tony Hawk's Proving Ground,Activision,Sports,2007,M,Nintendo DS,1,8.13,0.21,39
The World Ends With You,SquareEnix,"Action,Adventure,Role-Playing (RPG)",2007,M,Nintendo DS,1,48.67,0.37,88
Spider-Man 3,Activision,Action,2007,M,Nintendo DS,1,10.83,0.44,79
The Simpsons Game,EA,Action,2007,M,Nintendo DS,1,1.03,0.6,69
The Sims 2: Castaway,EA,Simulation,2007,M,Nintendo DS,1,8,0.66,66
Rhapsody: A Musical Adventure,,Role-Playing (RPG),2008,M,Nintendo DS,1,10.67,0.03,67
Secret Files: Tunguska,,Adventure,2008,M,Nintendo DS,1,10.08,0.03,71
"Flower, Sun and Rain",,Adventure,2008,M,Nintendo DS,1,10.15,0.04,54
Looney Tunes: Cartoon Conductor,Eidos,Action,2008,M,Nintendo DS,1,4.75,0.04,67
Nanostray 2,,Action,2008,M,Nintendo DS,1,3,0.04,75
Dungeon Explorer: Warriors of Ancient Arts,,"Action,Role-Playing (RPG)",2008,M,Nintendo DS,1,12.58,0.05,60
Bangai-O Spirits,,Action,2008,M,Nintendo DS,1,11.75,0.05,83
Code Lyoko: Fall of X.A.N.A,,"Action,Role-Playing (RPG)",2008,M,Nintendo DS,1,15.15,0.06,51
Knights in the Nightmare,,"Role-Playing (RPG),Strategy",2008,M,Nintendo DS,1,27.12,0.06,76
N+,Atari,Action,2008,M,Nintendo DS,1,17.2,0.06,82
Space Bust-A-Move,SquareEnix,Strategy,2008,M,Nintendo DS,1,4.02,0.08,71
Dragon Ball: Origins,Atari,"Action,Adventure",2008,M,Nintendo DS,1,11.5,0.08,78
Metal Slug 7,,Action,2008,M,Nintendo DS,1,1.27,0.09,70
Avalon Code,,"Action,Adventure,Role-Playing (RPG)",2008,M,Nintendo DS,1,31.5,0.1,71
Disgaea DS,,"Role-Playing (RPG),Strategy",2008,M,Nintendo DS,1,82.77,0.1,82
The Chronicles of Narnia: Prince Caspian,Disney,Role-Playing (RPG),2008,M,Nintendo DS,1,12.82,0.19,54
Valkyrie Profile: Covenant of the Plume,SquareEnix,"Role-Playing (RPG),Strategy",2008,M,Nintendo DS,1,26.45,0.2,74
Fire Emblem: Shadow Dragon,Nintendo,"Role-Playing (RPG),Strategy",2008,M,Nintendo DS,1,23.32,0.25,81
Spectrobes: Beyond the Portals,Disney,"Action,Role-Playing (RPG)",2008,M,Nintendo DS,1,30.25,0.27,70
Speed Racer: The Videogame,,Racing / Driving,2008,M,Nintendo DS,1,12.38,0.28,75
Iron Man,Sega,Action,2008,M,Nintendo DS,1,5.8,0.33,56
Sid Meier's Civilization: Revolution,2K,"Simulation,Strategy",2008,M,Nintendo DS,1,14.4,0.36,80
Kirby Super Star Ultra,Nintendo,Action,2008,M,Nintendo DS,1,8.77,1.6,76
Guitar Hero: On Tour,Activision,"Action,Simulation",2008,M,Nintendo DS,1,24,2.22,71
Mr. DRILLER: Drill Spirits,Namco,Action,2004,T,Nintendo DS,1,9.88,0.09,72
Zoo Keeper,,Action,2004,T,Nintendo DS,1,7.15,0.1,74
Feel the Magic XY/XX,Sega,"Action,Adventure,Racing / Driving,Sports",2004,T,Nintendo DS,1,2.9,0.16,75
Pokmon Dash,Nintendo,Racing / Driving,2004,T,Nintendo DS,1,3.83,0.22,46
LifeSigns: Surgical Unit,,"Simulation,Strategy",2005,T,Nintendo DS,1,30.52,0.01,61
Electroplankton,Nintendo,Simulation,2005,T,Nintendo DS,1,0.43,0.01,71
Teenage Mutant Ninja Turtles 3: Mutant Nightmare,Konami,"Action,Adventure",2005,T,Nintendo DS,1,4.5,0.06,58
Lost in Blue,Konami,Role-Playing (RPG),2005,T,Nintendo DS,1,24.15,0.07,69
Marvel Nemesis: Rise of the Imperfects ,EA,Action,2005,T,Nintendo DS,1,5.03,0.08,34
GoldenEye: Rogue Agent,EA,Action,2005,T,Nintendo DS,1,9.42,0.11,58
Need for Speed Underground 2,EA,Racing / Driving,2005,T,Nintendo DS,1,20.97,0.11,65
Dragon Quest Heroes: Rocket Slime,SquareEnix,Action,2005,T,Nintendo DS,1,15.1,0.13,83
"The Chronicles of Narnia: The Lion, the Witch a...",,"Action,Role-Playing (RPG)",2005,T,Nintendo DS,1,4.35,0.18,65
Harry Potter and the Goblet of Fire,EA,Action,2005,T,Nintendo DS,1,10.53,0.21,68
Trauma Center: Under the Knife,Nintendo,"Action,Simulation",2005,T,Nintendo DS,1,8.75,0.3,81
Advance Wars: Dual Strike,Nintendo,Strategy,2005,T,Nintendo DS,1,70.37,0.3,90
Castlevania: Dawn of Sorrow,Konami,"Action,Role-Playing (RPG)",2005,T,Nintendo DS,1,16.03,0.31,89
Yoshi Touch & Go,Nintendo,Action,2005,T,Nintendo DS,1,4.5,0.36,73
Kirby: Canvas Curse,Nintendo,Action,2005,T,Nintendo DS,1,7.4,0.37,86
Super Monkey Ball: Touch & Roll,Sega,Action,2005,T,Nintendo DS,1,1.45,0.7,63
Super Princess Peach,Nintendo,Action,2005,T,Nintendo DS,1,11,0.7,75
Pokmon Mystery Dungeon: Blue Rescue Team,Nintendo,Role-Playing (RPG),2005,T,Nintendo DS,1,37.47,1.22,62
Animal Crossing: Wild World,Nintendo,Simulation,2005,T,Nintendo DS,1,168.97,2.6,86
Custom Robo Arena,Nintendo,"Action,Role-Playing (RPG)",2006,T,Nintendo DS,1,24.03,0.01,74
Deep Labyrinth,,Role-Playing (RPG),2006,T,Nintendo DS,1,13.57,0.06,57
Bionicle Heroes,Eidos,Action,2006,T,Nintendo DS,1,15.3,0.06,72
Touch Detective,,Adventure,2006,T,Nintendo DS,1,6.9,0.07,60
Magnetica,Nintendo,"Action,Strategy",2006,T,Nintendo DS,1,9.93,0.09,68
LostMagic,Ubisoft,"Action,Role-Playing (RPG)",2006,T,Nintendo DS,1,13.28,0.09,68
Open Season,Ubisoft,Action,2006,T,Nintendo DS,1,5.47,0.13,72
Mega Man ZX,Capcom,Action,2006,T,Nintendo DS,1,11.27,0.14,76
Mystery Dungeon: Shiren the Wanderer,Sega,"Action,Role-Playing (RPG)",2006,T,Nintendo DS,1,33,0.17,69
Need for Speed: Carbon - Own the City,EA,"Action,Racing / Driving",2006,T,Nintendo DS,1,18.03,0.19,70
Age of Empires: The Age of Kings,,Strategy,2006,T,Nintendo DS,1,57.85,0.19,80
Dragon Quest Monsters: Joker,SquareEnix,Role-Playing (RPG),2006,T,Nintendo DS,1,37.97,0.24,75
Rune Factory: A Fantasy Harvest Moon,,"Role-Playing (RPG),Simulation",2006,T,Nintendo DS,1,66.13,0.34,78
Star Fox Command,Nintendo,Action,2006,T,Nintendo DS,1,3.7,0.39,76
Harvest Moon DS,,"Role-Playing (RPG),Simulation",2006,T,Nintendo DS,1,53.38,0.4,67
Mario vs. Donkey Kong 2: March of the Minis,Nintendo,Action,2006,T,Nintendo DS,1,5.02,0.77,76
Kirby: Squeak Squad,Nintendo,Action,2006,T,Nintendo DS,1,5.63,0.82,71
The Sims 2: Pets,EA,Simulation,2006,T,Nintendo DS,1,27.7,0.97,49
New Super Mario Bros.,Nintendo,Action,2006,T,Nintendo DS,1,10.23,10.03,89
Sea Monsters: A Prehistoric Adventure,,"Action,Educational",2007,T,Nintendo DS,1,5,0.01,43
Code Lyoko,,"Action,Adventure",2007,T,Nintendo DS,1,7.73,0.03,63
Orcs & Elves,EA,"Action,Role-Playing (RPG)",2007,T,Nintendo DS,1,4.88,0.03,68
Retro Game Challenge,Namco,"Action,Racing / Driving,Role-Playing (RPG)",2007,T,Nintendo DS,1,11.72,0.05,77
Heroes of Mana,SquareEnix,Strategy,2007,T,Nintendo DS,1,27.02,0.06,66
Indianapolis 500 Legends,,Racing / Driving,2007,T,Nintendo DS,1,14.5,0.07,51
Touch Detective 2 1/2,,Adventure,2007,T,Nintendo DS,1,6.63,0.08,67
The Settlers,Ubisoft,Strategy,2007,T,Nintendo DS,1,7.18,0.09,39
InuYasha: Secret of the Divine Jewel,Namco,Role-Playing (RPG),2007,T,Nintendo DS,1,9.57,0.09,46
7 Wonders of the Ancient World,,Strategy,2007,T,Nintendo DS,1,7.48,0.1,60
WWE SmackDown vs. Raw 2008,THQ,Sports,2007,T,Nintendo DS,1,25.32,0.11,61
Final Fantasy: Crystal Chronicles - Echoes of Time,SquareEnix,Action,2007,T,Nintendo DS,1,17.93,0.11,75
Geometry Wars: Galaxies,,Action,2007,T,Nintendo DS,1,18.5,0.12,79
Luminous Arc,,"Role-Playing (RPG),Strategy",2007,T,Nintendo DS,1,28.13,0.17,70
Lunar Knights,Konami,Action,2007,T,Nintendo DS,1,18.55,0.18,82
Touch the Dead,,Action,2007,T,Nintendo DS,1,4.65,0.2,56
Mega Man ZX Advent,Capcom,Action,2007,T,Nintendo DS,1,12.88,0.22,78
Juiced 2: Hot Import Nights,THQ,Racing / Driving,2007,T,Nintendo DS,1,16.45,0.23,72
DK: Jungle Climber,Nintendo,"Action,Strategy",2007,T,Nintendo DS,1,6.43,0.26,77
Dragon Quest IV: Chapters of the Chosen,SquareEnix,Role-Playing (RPG),2007,T,Nintendo DS,1,31.57,0.26,80
Disney Pirates of the Caribbean: At World's End,Disney,Action,2007,T,Nintendo DS,1,10.32,0.27,66
Phoenix Wright: Ace Attorney - Trials and Tribu...,Capcom,"Adventure,Simulation",2007,T,Nintendo DS,1,22.08,0.27,81
Contra 4,Konami,Action,2007,T,Nintendo DS,1,7.37,0.27,83
Surf's Up,Ubisoft,"Racing / Driving,Sports",2007,T,Nintendo DS,1,1.28,0.28,56
Shrek the Third,Activision,Adventure,2007,T,Nintendo DS,1,5.12,0.28,70
SimCity DS,EA,Simulation,2007,T,Nintendo DS,1,3,0.29,69
Final Fantasy XII: Revenant Wings,SquareEnix,"Role-Playing (RPG),Strategy",2007,T,Nintendo DS,1,38.55,0.33,81
Diner Dash,,Action,2007,T,Nintendo DS,1,5.13,0.34,64
Jam Sessions,Ubisoft,"Educational,Simulation",2007,T,Nintendo DS,1,0.25,0.38,72
Mega Man Star Force: Dragon,Capcom,"Action,Role-Playing (RPG)",2007,T,Nintendo DS,1,20.82,0.41,60
Crash of the Titans,,Action,2007,T,Nintendo DS,1,7.75,0.46,73
Final Fantasy IV,SquareEnix,Role-Playing (RPG),2007,T,Nintendo DS,1,38.33,0.48,85
Sonic Rush Adventure,Sega,"Action,Sports",2007,T,Nintendo DS,1,9.2,0.52,78
CrossworDS,,"Educational,Strategy",2007,T,Nintendo DS,1,17.2,0.53,67
Drawn to Life,THQ,Action,2007,T,Nintendo DS,1,13.72,0.75,73
Flash Focus: Vision Training in Minutes a Day,Nintendo,Action,2007,T,Nintendo DS,1,6,0.91,59
Call of Duty 4: Modern Warfare,Activision,Action,2007,T,Nintendo DS,1,8.02,0.94,75
Diddy Kong Racing DS,Nintendo,"Racing / Driving,Sports",2007,T,Nintendo DS,1,14.65,1.16,63
Pokmon Mystery Dungeon: Explorers of Time,Nintendo,Role-Playing (RPG),2007,T,Nintendo DS,1,31.18,1.91,59
Mario Party DS,Nintendo,"Action,Strategy",2007,T,Nintendo DS,1,8.03,4.34,72
Chicken Hunter,,Action,2008,T,Nintendo DS,1,1.5,0.02,39
Assassin's Creed: Altar's Chronicles,Ubisoft,Action,2008,T,Nintendo DS,1,5.07,0.03,58
Insecticide,,"Action,Adventure",2008,T,Nintendo DS,1,3.57,0.04,55
The Dark Spire,,"Adventure,Role-Playing (RPG)",2008,T,Nintendo DS,1,56.02,0.04,69
From the Abyss,,"Action,Role-Playing (RPG)",2008,T,Nintendo DS,1,7.38,0.05,60
Soul Bubbles,Eidos,Strategy,2008,T,Nintendo DS,1,8.82,0.05,78
Etrian Odyssey II: Heroes of Lagaard,,Role-Playing (RPG),2008,T,Nintendo DS,1,55.48,0.07,82
Ninja Reflex,EA,Action,2008,T,Nintendo DS,1,3.83,0.08,54
Trauma Center: Under The Knife 2,,"Action,Simulation",2008,T,Nintendo DS,1,12,0.09,79
Syberia,,Adventure,2008,T,Nintendo DS,1,10.85,0.1,52
Super Dodgeball Brawlers,,"Action,Sports",2008,T,Nintendo DS,1,0.68,0.12,65
Ninjatown,,Strategy,2008,T,Nintendo DS,1,14.68,0.12,80
Dragon Quest V: Hand of the Heavenly Bride,SquareEnix,Role-Playing (RPG),2008,T,Nintendo DS,1,34.83,0.12,84
Age of Empires: Mythologies,THQ,Strategy,2008,T,Nintendo DS,1,16.6,0.17,78
Mega Man Star Force 2: Zerker X Ninja,Capcom,"Action,Role-Playing (RPG)",2008,T,Nintendo DS,1,19.72,0.24,55
Apollo Justice: Ace Attorney,Capcom,"Adventure,Simulation",2008,T,Nintendo DS,1,19.85,0.24,78
Castlevania: Order of Ecclesia,Konami,"Action,Adventure,Role-Playing (RPG)",2008,T,Nintendo DS,1,14.77,0.24,85
Neopets Puzzle Adventure,Capcom,"Adventure,Role-Playing (RPG),Strategy",2008,T,Nintendo DS,1,3,0.25,70
Viva Pi$?ata: Pocket Paradise,THQ,"Simulation,Strategy",2008,T,Nintendo DS,1,20.33,0.28,82
Sega Superstars Tennis,Sega,Sports,2008,T,Nintendo DS,1,7.88,0.29,65
Rune Factory 2: A Fantasy Harvest Moon,,"Action,Role-Playing (RPG),Simulation",2008,T,Nintendo DS,1,66.13,0.3,79
Madagascar: Escape 2 Africa,Activision,"Action,Adventure",2008,T,Nintendo DS,1,6.5,0.32,55
Rhythm Heaven,Nintendo,Action,2008,T,Nintendo DS,1,9.12,0.45,83
Chrono Trigger,SquareEnix,Role-Playing (RPG),2008,T,Nintendo DS,2,28.25,0.51,92
Star Wars: The Clone Wars - Jedi Alliance,,"Action,Adventure",2008,T,Nintendo DS,1,5.13,0.6,68
Mystery Case Files: MillionHeir,Nintendo,Adventure,2008,T,Nintendo DS,1,8.03,0.76,65
Guitar Hero: On Tour - Decades,Activision,"Action,Simulation",2008,T,Nintendo DS,1,10.92,0.8,72
Pokmon Ranger: Shadows of Almia,Nintendo,"Action,Role-Playing (RPG)",2008,T,Nintendo DS,1,28.75,0.99,68
LEGO Batman: The Videogame,,"Action,Racing / Driving",2008,T,Nintendo DS,1,17.33,1.39,72
Mario & Sonic at the Olympic Games,"Nintendo,Sega","Action,Sports",2008,T,Nintendo DS,1,9.23,1.74,70
Pokmon: Platinum Version,Nintendo,"Adventure,Role-Playing (RPG)",2008,T,Nintendo DS,1,72.22,2.86,83
Ice Age 2: The Meltdown,,Action,2006,E,Nintendo Wii,1,9.25,0.07,66
Happy Feet,Midway,Action,2006,E,Nintendo Wii,2,0.67,0.13,46
Rampage: Total Destruction,Midway,Action,2006,E,Nintendo Wii,4,5,0.19,46
Dragon Ball Z: Budokai Tenkaichi 2,Atari,Action,2006,E,Nintendo Wii,2,17.63,0.24,72
Call of Duty 3,Activision,Action,2006,E,Nintendo Wii,1,8.82,1.15,69
Driver: Parallel Lines,Ubisoft,"Action,Racing / Driving",2007,E,Nintendo Wii,1,11.37,0.01,59
Guilty Gear XX ? Core,,Action,2007,E,Nintendo Wii,2,2,0.03,75
Fantastic Four: Rise of the Silver Surfer,2K,Action,2007,E,Nintendo Wii,4,7.6,0.04,39
Alien Syndrome,Sega,Action,2007,E,Nintendo Wii,4,2.78,0.06,48
Soulcalibur Legends,Namco,Action,2007,E,Nintendo Wii,2,10.03,0.16,52
TMNT,Ubisoft,Action,2007,E,Nintendo Wii,1,4.92,0.16,60
Mortal Kombat: Armageddon,Midway,"Action,Racing / Driving",2007,E,Nintendo Wii,4,13.13,0.16,71
Zack & Wiki: Quest for Barbaros' Treasure,Capcom,Adventure,2007,E,Nintendo Wii,1,15.95,0.19,87
Trauma Center: New Blood,Nintendo,"Action,Simulation",2007,E,Nintendo Wii,2,11.73,0.22,77
Tony Hawk's Proving Ground,Activision,Sports,2007,E,Nintendo Wii,2,8.13,0.23,57
Chicken Shoot,,Action,2007,E,Nintendo Wii,2,0.62,0.26,27
The Golden Compass,Sega,Action,2007,E,Nintendo Wii,1,8.57,0.26,35
Shrek the Third,Activision,Action,2007,E,Nintendo Wii,2,5.12,0.26,57
Manhunt 2,Rockstar,Action,2007,E,Nintendo Wii,1,10.38,0.26,62
SSX Blur,EA,Sports,2007,E,Nintendo Wii,4,10,0.31,74
Bee Movie Game,Activision,Action,2007,E,Nintendo Wii,2,5.77,0.32,62
Dragon Ball Z: Budokai Tenkaichi 3,Atari,Action,2007,E,Nintendo Wii,2,21.77,0.33,72
Medal of Honor: Heroes 2,EA,Action,2007,E,Nintendo Wii,1,4.97,0.34,73
Thrillville: Off the Rails,,"Simulation,Strategy",2007,E,Nintendo Wii,4,12.15,0.37,70
Crash of the Titans,,Action,2007,E,Nintendo Wii,2,7.75,0.42,69
Endless Ocean,Nintendo,Simulation,2007,E,Nintendo Wii,1,10.97,0.44,72
Mario Strikers Charged,Nintendo,"Action,Sports",2007,E,Nintendo Wii,4,11.98,0.93,79
Sonic and the Secret Rings,Sega,Action,2007,E,Nintendo Wii,4,9.65,1.08,69
Super Paper Mario,Nintendo,"Action,Role-Playing (RPG)",2007,E,Nintendo Wii,1,22.8,1.5,85
Mario & Sonic at the Olympic Games,"Nintendo,Sega","Action,Sports",2007,E,Nintendo Wii,4,9.23,2.74,67
Link's Crossbow Training,Nintendo,Action,2007,E,Nintendo Wii,1,2.1,3.2,68
Super Mario Galaxy,Nintendo,Action,2007,E,Nintendo Wii,2,24.83,4.94,97
Ninja Reflex,EA,Action,2008,E,Nintendo Wii,4,3.83,0.09,49
Death Jr. II: Root of Evil,Eidos,Action,2008,E,Nintendo Wii,2,9.7,0.09,71
Mushroom Men: The Spore Wars,,Action,2008,E,Nintendo Wii,2,5.52,0.12,72
TNA iMPACT!,Midway,Sports,2008,E,Nintendo Wii,1,15.88,0.14,43
Neopets Puzzle Adventure,Capcom,"Role-Playing (RPG),Strategy",2008,E,Nintendo Wii,1,3,0.14,52
Bully: Scholarship Edition,Rockstar,"Action,Adventure",2008,E,Nintendo Wii,2,18.8,0.16,83
MX vs. ATV Untamed,THQ,Racing / Driving,2008,E,Nintendo Wii,1,12,0.22,70
Need for Speed: Undercover,EA,Racing / Driving,2008,E,Nintendo Wii,4,12.18,0.27,54
Sega Superstars Tennis,Sega,Sports,2008,E,Nintendo Wii,4,7.88,0.28,71
SEGA Bass Fishing,Sega,Sports,2008,E,Nintendo Wii,1,8.37,0.34,59
Crash: Mind over Mutant,,Action,2008,E,Nintendo Wii,1,6.08,0.36,70
Wall-E,THQ,Action,2008,E,Nintendo Wii,4,7.35,0.48,51
Kung Fu Panda,Activision,Action,2008,E,Nintendo Wii,4,6.7,0.52,70
Star Wars: The Force Unleashed,,Action,2008,E,Nintendo Wii,2,6.13,1.01,71
Guitar Hero: Aerosmith,Activision,"Action,Simulation",2008,E,Nintendo Wii,1,11.3,1.03,73
Sonic Unleashed,Sega,Action,2008,E,Nintendo Wii,1,13.15,1.09,66
LEGO Batman: The Videogame,,Action,2008,E,Nintendo Wii,2,17.33,1.32,74
LEGO Indiana Jones: The Original Adventures,,Action,2008,E,Nintendo Wii,2,15.13,1.42,78
Open Season,Ubisoft,Action,2006,M,Nintendo Wii,4,5.47,0.07,49
Marvel Ultimate Alliance,Activision,"Action,Role-Playing (RPG)",2006,M,Nintendo Wii,4,15.25,0.38,73
Excite Truck,Nintendo,Racing / Driving,2006,M,Nintendo Wii,2,15.85,0.4,72
Need for Speed: Carbon,EA,Racing / Driving,2006,M,Nintendo Wii,2,13.3,0.47,67
The Legend of Zelda: Twilight Princess,Nintendo,"Action,Role-Playing (RPG)",2006,M,Nintendo Wii,1,45.6,3.33,95
Scarface: The World is Yours,,"Action,Racing / Driving",2007,M,Nintendo Wii,1,24.78,0.12,71
No More Heroes,Ubisoft,"Action,Racing / Driving",2007,M,Nintendo Wii,1,14.63,0.29,83
NiGHTS: Journey of Dreams,Sega,Action,2007,M,Nintendo Wii,2,6.68,0.3,69
The BIGS,2K,"Action,Simulation,Sports",2007,M,Nintendo Wii,4,16.82,0.36,66
WWE Smackdown vs. Raw 2008,THQ,Sports,2007,M,Nintendo Wii,4,25.32,0.39,59
Need for Speed: ProStreet,EA,Racing / Driving,2007,M,Nintendo Wii,2,13.1,0.49,61
Madden NFL 08,EA,Sports,2007,M,Nintendo Wii,4,106,0.86,76
Big Brain Academy: Wii Degree,Nintendo,Action,2007,M,Nintendo Wii,8,20,1.1,68
Cooking Mama: Cook Off,,Simulation,2007,M,Nintendo Wii,2,3.4,1.38,61
LEGO Star Wars: The Complete Saga,,Action,2007,M,Nintendo Wii,2,24.88,3.03,80
Secret Files: Tunguska,,Adventure,2008,M,Nintendo Wii,2,10.08,0.02,64
Agatha Christie: Evil Under the Sun,,Adventure,2008,M,Nintendo Wii,1,7.62,0.05,46
Agatha Christie: And Then There Were None,,Adventure,2008,M,Nintendo Wii,1,7.93,0.05,50
Worms: A Space Oddity,THQ,"Action,Strategy",2008,M,Nintendo Wii,4,10,0.05,64
Harvey Birdman: Attorney at Law,Capcom,Adventure,2008,M,Nintendo Wii,1,4.13,0.06,60
Final Fantasy Fables: Chocobo's Dungeon,SquareEnix,"Action,Role-Playing (RPG)",2008,M,Nintendo Wii,1,28.17,0.09,76
Dokapon Kingdom,,"Role-Playing (RPG),Strategy",2008,M,Nintendo Wii,1,24.53,0.12,72
The Spiderwick Chronicles,,"Action,Adventure",2008,M,Nintendo Wii,2,5.33,0.16,62
The Chronicles of Narnia: Prince Caspian,Disney,"Action,Role-Playing (RPG)",2008,M,Nintendo Wii,2,12.82,0.33,63
Speed Racer: The Videogame,,Racing / Driving,2008,M,Nintendo Wii,2,12.38,0.34,69
?kami,Capcom,Action,2008,M,Nintendo Wii,1,44.97,0.39,90
De Blob,THQ,Action,2008,M,Nintendo Wii,4,12.13,0.45,82
Harvest Moon: Tree of Tranquility,,"Role-Playing (RPG),Simulation",2008,M,Nintendo Wii,1,53.38,0.62,65
The House of the Dead 2 & 3 Return,Sega,Action,2008,M,Nintendo Wii,2,6.7,0.74,66
Call of Duty: World at War,Activision,Action,2008,M,Nintendo Wii,2,10.28,1.17,83
The Ant Bully,Midway,Action,2006,T,Nintendo Wii,1,3.57,0.09,45
Tom Clancy's Splinter Cell: Double Agent,Ubisoft,Action,2006,T,Nintendo Wii,2,12.42,0.11,61
Metal Slug Anthology,,Action,2006,T,Nintendo Wii,4,7.48,0.11,73
Elebits,Konami,Action,2006,T,Nintendo Wii,4,8.02,0.22,75
Trauma Center: Second Opinion,Nintendo,"Action,Simulation",2006,T,Nintendo Wii,1,9.22,0.28,80
SpongeBob Squarepants: Creature from the Krusty Krab,THQ,"Action,Adventure",2006,T,Nintendo Wii,1,7.08,0.44,57
Red Steel,Ubisoft,Action,2006,T,Nintendo Wii,4,8.6,0.58,63
Pokmon Battle Revolution,Nintendo,"Action,Strategy",2006,T,Nintendo Wii,4,20.03,0.81,53
WarioWare: Smooth Moves,Nintendo,"Action,Racing / Driving,Sports",2006,T,Nintendo Wii,6,4.47,0.9,83
Super Monkey Ball: Banana Blitz,Sega,Action,2006,T,Nintendo Wii,4,5.32,1,74
Rayman Raving Rabbids,Ubisoft,Action,2006,T,Nintendo Wii,4,6.7,1.26,76
Wii Play,Nintendo,"Action,Sports",2006,T,Nintendo Wii,2,5.82,14.66,58
Bionicle Heroes,Eidos,Action,2007,T,Nintendo Wii,1,15.3,0.03,52
Escape from Bug Island,Eidos,Action,2007,T,Nintendo Wii,1,7.58,0.04,37
Medal of Honor: Vanguard,EA,Action,2007,T,Nintendo Wii,1,3.55,0.05,56
Code Lyoko: Quest for Infinity,,Action,2007,T,Nintendo Wii,1,5.8,0.07,58
Heatseeker,,Action,2007,T,Nintendo Wii,1,9.75,0.09,62
Geometry Wars: Galaxies,,Action,2007,T,Nintendo Wii,2,18.5,0.11,80
Spider-Man: Friend or Foe,Activision,Action,2007,T,Nintendo Wii,2,11.12,0.13,59
Dragon Quest Swords: The Masked Queen and the T...,SquareEnix,Action,2007,T,Nintendo Wii,1,12.02,0.15,65
Surf's Up,Ubisoft,Sports,2007,T,Nintendo Wii,2,1.28,0.16,64
Looney Tunes: Acme Arsenal,,Action,2007,T,Nintendo Wii,1,3.83,0.19,27
BWii: Battalion Wars 2,Nintendo,"Action,Simulation,Strategy",2007,T,Nintendo Wii,1,10.03,0.21,75
Fire Emblem: Radiant Dawn,Nintendo,"Role-Playing (RPG),Strategy",2007,T,Nintendo Wii,1,50.18,0.26,78
Transformers: The Game,Activision,Action,2007,T,Nintendo Wii,1,7.23,0.35,53
Harry Potter and the Order of the Phoenix,EA,Action,2007,T,Nintendo Wii,1,12.38,0.4,69
Ratatouille,THQ,Action,2007,T,Nintendo Wii,1,13.2,0.43,62
The Sims 2: Pets,EA,Simulation,2007,T,Nintendo Wii,1,27.7,0.43,65
Spider-Man 3,Activision,Action,2007,T,Nintendo Wii,1,10.83,0.45,53
The Sims 2: Castaway,EA,Simulation,2007,T,Nintendo Wii,1,8,0.45,73
Tiger Woods PGA Tour 07,EA,Sports,2007,T,Nintendo Wii,4,10,0.46,71
The Simpsons Game,EA,Action,2007,T,Nintendo Wii,2,1.03,0.47,64
Ben 10: Protector of the Earth,,Action,2007,T,Nintendo Wii,1,5.08,0.57,63
Resident Evil: The Umbrella Chronicles,"Capcom,Nintendo",Action,2007,T,Nintendo Wii,2,11.7,0.69,75
Rayman Raving Rabbids 2,Ubisoft,Action,2007,T,Nintendo Wii,4,7.33,0.84,67
Metroid Prime 3: Corruption,Nintendo,Action,2007,T,Nintendo Wii,1,15.98,0.91,90
MySims,EA,"Simulation,Strategy",2007,T,Nintendo Wii,1,7.63,0.94,68
Resident Evil 4,Capcom,Action,2007,T,Nintendo Wii,1,18.77,1.24,91
Dance Dance Revolution Hottest Party,Konami,Action,2007,T,Nintendo Wii,4,8,1.45,73
Game Party,Midway,Action,2007,T,Nintendo Wii,4,2,1.49,25
Guitar Hero III: Legends of Rock,Activision,"Action,Simulation",2007,T,Nintendo Wii,2,15.18,3.19,86
Mario Party 8,Nintendo,"Action,Strategy",2007,T,Nintendo Wii,4,6.2,3.84,62
Wii Fit,Nintendo,"Educational,Sports",2007,T,Nintendo Wii,1,6.07,9.6,80
Baroque,,"Action,Role-Playing (RPG)",2008,T,Nintendo Wii,1,7.78,0.04,50
Alone in the Dark,Atari,"Action,Adventure,Racing / Driving",2008,T,Nintendo Wii,1,6.6,0.09,39
Castlevania Judgment,Konami,Action,2008,T,Nintendo Wii,2,7.78,0.09,49
Klonoa: Door to Phantomile,Namco,Action,2008,T,Nintendo Wii,1,5.02,0.09,77
ObsCure: The Aftermath,,Action,2008,T,Nintendo Wii,1,7.63,0.1,53
Pro Evolution Soccer 2008,Konami,Sports,2008,T,Nintendo Wii,2,63.8,0.1,83
Destroy All Humans! Big Willy Unleashed,THQ,Adventure,2008,T,Nintendo Wii,2,4.5,0.11,53
Tomb Raider: Underworld,Eidos,Action,2008,T,Nintendo Wii,1,11.52,0.14,70
Tetris Party,,Strategy,2008,T,Nintendo Wii,4,2,0.16,75
Harvest Moon: Magical Melody,,"Role-Playing (RPG),Simulation",2008,T,Nintendo Wii,4,32.97,0.18,69
Order Up!,,"Action,Simulation",2008,T,Nintendo Wii,1,6.63,0.18,76
TV Show King,,Strategy,2008,T,Nintendo Wii,4,30,0.19,65
Tales of Symphonia: Dawn of the New World,Namco,Role-Playing (RPG),2008,T,Nintendo Wii,4,41,0.2,68
The Incredible Hulk,Sega,Action,2008,T,Nintendo Wii,1,5.22,0.29,46
Iron Man,Sega,Action,2008,T,Nintendo Wii,1,5.8,0.3,44
Samba de Amigo,Sega,Action,2008,T,Nintendo Wii,2,8,0.4,68
Pinball Hall of Fame: The Williams Collection,,Simulation,2008,T,Nintendo Wii,1,29.25,0.41,82
Sonic Riders: Zero Gravity,Sega,Racing / Driving,2008,T,Nintendo Wii,4,5.5,0.45,56
Wario Land: Shake It!,Nintendo,Action,2008,T,Nintendo Wii,1,9.63,0.59,78
Boom Blox,EA,"Action,Strategy",2008,T,Nintendo Wii,4,6.4,0.72,85
Rock Band,,"Action,Simulation",2008,T,Nintendo Wii,2,19.37,1.4,92
Animal Crossing: City Folk,Nintendo,Simulation,2008,T,Nintendo Wii,1,191.25,1.78,73
Guitar Hero: World Tour,Activision,"Action,Simulation",2008,T,Nintendo Wii,4,15.95,2.47,86
Super Smash Bros.: Brawl,Nintendo,Action,2008,T,Nintendo Wii,6,51.43,5.71,93
Mario Kart Wii,Nintendo,Racing / Driving,2008,T,Nintendo Wii,4,11.4,12.39,82
Armored Core 4,Sega,Action,2006,E,PlayStation 3,2,20.6,0.09,65
Untold Legends: Dark Kingdom,"EA,Sony","Action,Role-Playing (RPG)",2006,E,PlayStation 3,2,24.75,0.13,58
Ridge Racer 7,"Namco,Sony",Racing / Driving,2006,E,PlayStation 3,2,21.25,0.23,78
NBA 2K7,2K,Sports,2006,E,PlayStation 3,7,8.18,0.31,80
Tiger Woods PGA Tour 07,EA,Sports,2006,E,PlayStation 3,4,10,0.32,81
Resistance: Fall of Man,Sony,Action,2006,E,PlayStation 3,4,12.2,1.61,86
Surf's Up,Ubisoft,Sports,2007,E,PlayStation 3,4,1.28,0.04,59
Pro Evolution Soccer 2008,Konami,Sports,2007,E,PlayStation 3,7,63.8,0.04,74
BlackSite: Area 51,Midway,Action,2007,E,PlayStation 3,1,5.82,0.07,56
Soldier of Fortune: Payback,Activision,Action,2007,E,PlayStation 3,1,3.78,0.09,50
Bladestorm: The Hundred Years' War,,"Action,Role-Playing (RPG),Strategy",2007,E,PlayStation 3,1,51.25,0.1,58
NBA Street Homecourt,EA,Sports,2007,E,PlayStation 3,4,18.32,0.11,81
Conan,THQ,"Action,Adventure",2007,E,PlayStation 3,1,7.18,0.14,69
Dynasty Warriors: Gundam,Namco,Action,2007,E,PlayStation 3,2,62.07,0.15,60
Def Jam: Icon,EA,Action,2007,E,PlayStation 3,2,8,0.16,68
Stuntman: Ignition,THQ,"Action,Racing / Driving",2007,E,PlayStation 3,4,8.2,0.16,76
DiRT,,"Racing / Driving,Simulation,Sports",2007,E,PlayStation 3,1,16.03,0.16,83
Harry Potter and the Order of the Phoenix,EA,Action,2007,E,PlayStation 3,1,12.38,0.17,67
Enchanted Arms,Ubisoft,Role-Playing (RPG),2007,E,PlayStation 3,1,43.28,0.18,64
Folklore,Sony,"Action,Role-Playing (RPG)",2007,E,PlayStation 3,1,20.78,0.18,75
The Darkness,2K,Action,2007,E,PlayStation 3,1,10.9,0.2,80
Virtua Tennis 3,Sega,Sports,2007,E,PlayStation 3,4,18.17,0.24,80
Spider-Man 3,Activision,Action,2007,E,PlayStation 3,1,10.83,0.27,60
Kane & Lynch: Dead Men,Eidos,Action,2007,E,PlayStation 3,2,5.93,0.29,64
Transformers: The Game,Activision,Action,2007,E,PlayStation 3,1,7.23,0.32,54
Lair,Sony,Action,2007,E,PlayStation 3,1,9.28,0.35,53
Tony Hawk's Proving Ground,Activision,Sports,2007,E,PlayStation 3,2,8.13,0.37,73
The Simpsons Game,EA,Action,2007,E,PlayStation 3,2,1.03,0.39,71
Tom Clancy's Rainbow Six: Vegas,Ubisoft,Action,2007,E,PlayStation 3,2,9.9,0.49,86
Heavenly Sword,Sony,Action,2007,E,PlayStation 3,1,7.13,0.57,79
Ninja Gaiden Sigma,,Action,2007,E,PlayStation 3,1,14.93,0.57,88
WWE Smackdown vs. Raw 2008,THQ,Sports,2007,E,PlayStation 3,6,25.32,0.64,74
Ratchet & Clank Future: Tools of Destruction,Sony,Action,2007,E,PlayStation 3,1,16.87,0.86,89
Gran Turismo 5: Prologue,Sony,"Racing / Driving,Simulation",2007,E,PlayStation 3,2,13.93,1.31,80
Call of Duty 4: Modern Warfare,Activision,Action,2007,E,PlayStation 3,4,8.02,2.91,94
Vampire Rain,,Action,2008,E,PlayStation 3,1,10.88,0.04,30
Legendary,Atari,Action,2008,E,PlayStation 3,1,5.85,0.05,50
Conflict: Denied Ops,Eidos,Action,2008,E,PlayStation 3,4,6.38,0.05,51
Ferrari Challenge Trofeo Pirelli,,Racing / Driving,2008,E,PlayStation 3,1,32,0.15,71
Silent Hill: Homecoming,Konami,Action,2008,E,PlayStation 3,1,10.13,0.16,71
AC/DC Live: Rock Band - Track Pack,,"Action,Simulation",2008,E,PlayStation 3,1,3.63,0.19,60
Spider-Man: Web of Shadows,Activision,Action,2008,E,PlayStation 3,1,12.57,0.2,67
Mercenaries 2: World in Flames,EA,Action,2008,E,PlayStation 3,1,22.87,0.27,72
LEGO Indiana Jones: The Original Adventures,,Action,2008,E,PlayStation 3,2,15.13,0.38,77
LEGO Batman: The Videogame,,Action,2008,E,PlayStation 3,2,17.33,0.43,75
BioShock,2K,Action,2008,E,PlayStation 3,1,14.67,0.53,94
Need for Speed: Undercover,EA,Racing / Driving,2008,E,PlayStation 3,1,12.18,0.59,59
SoulCalibur IV,"Namco,Ubisoft",Action,2008,E,PlayStation 3,2,10.08,0.65,85
Tom Clancy's Rainbow Six: Vegas 2,Ubisoft,Action,2008,E,PlayStation 3,2,9.9,0.67,81
MLB 08: The Show,Sony,Sports,2008,E,PlayStation 3,2,10,0.67,85
SOCOM: U.S. Navy SEALs - Confrontation,Sony,Action,2008,E,PlayStation 3,1,10,0.91,63
Star Wars: The Force Unleashed,,Action,2008,E,PlayStation 3,1,6.13,0.92,71
Guitar Hero: World Tour,Activision,"Action,Simulation",2008,E,PlayStation 3,4,15.95,1.04,84
Resistance 2,Sony,Action,2008,E,PlayStation 3,2,10.58,1.11,87
Rock Band 2,,"Action,Simulation",2008,E,PlayStation 3,1,62.55,1.11,91
Mortal Kombat vs. DC Universe,Midway,Action,2008,E,PlayStation 3,2,4.73,1.13,76
Madden NFL 09,EA,Sports,2008,E,PlayStation 3,4,15.88,1.66,85
Grand Theft Auto IV,Rockstar,"Action,Racing / Driving",2008,E,PlayStation 3,1,38.88,3.91,98
Marvel Ultimate Alliance,Activision,"Action,Role-Playing (RPG)",2006,M,PlayStation 3,4,15.25,0.33,78
Fantastic Four: Rise of the Silver Surfer,2K,Action,2007,M,PlayStation 3,4,7.6,0.1,47
TimeShift,,Action,2007,M,PlayStation 3,1,8.5,0.11,70
The Golden Compass,Sega,Action,2007,M,PlayStation 3,1,8.57,0.12,40
Disney Pirates of the Caribbean: At World's End,Disney,Action,2007,M,PlayStation 3,2,10.32,0.15,55
Tom Clancy's Splinter Cell: Double Agent,Ubisoft,"Action,Strategy",2007,M,PlayStation 3,1,12.42,0.19,78
Virtua Fighter 5,Sega,Action,2007,M,PlayStation 3,2,3.33,0.3,85
Time Crisis 4,Namco,Action,2007,M,PlayStation 3,2,1.22,0.33,60
Unreal Tournament III,Midway,Action,2007,M,PlayStation 3,1,14.07,0.33,86
Sonic the Hedgehog,Sega,Action,2007,M,PlayStation 3,2,3.53,0.4,43
NBA 2K8,2K,Sports,2007,M,PlayStation 3,7,4,0.5,81
LEGO Star Wars: The Complete Saga,,Action,2007,M,PlayStation 3,2,24.88,0.85,80
Rock Band,,"Action,Simulation",2007,M,PlayStation 3,4,19.37,1.01,92
Armored Core: For Answer,Ubisoft,Action,2008,M,PlayStation 3,1,56.88,0.05,62
Wall-E,THQ,Action,2008,M,PlayStation 3,4,7.35,0.09,51
Fracture,,Action,2008,M,PlayStation 3,1,7.9,0.09,62
Blitz: The League II,Midway,"Action,Sports",2008,M,PlayStation 3,2,20,0.09,62
Madagascar: Escape 2 Africa,Activision,Action,2008,M,PlayStation 3,4,6.5,0.1,58
The Club,Sega,Action,2008,M,PlayStation 3,4,6.13,0.1,72
Sega Superstars Tennis,Sega,Sports,2008,M,PlayStation 3,4,7.88,0.11,67
Viking: Battle for Asgard,Sega,Action,2008,M,PlayStation 3,1,17.5,0.14,65
Eternal Sonata,Namco,Role-Playing (RPG),2008,M,PlayStation 3,2,38.15,0.14,80
Dynasty Warriors 6,,"Action,Strategy",2008,M,PlayStation 3,2,29.35,0.18,59
TNA iMPACT!,Midway,Sports,2008,M,PlayStation 3,4,15.88,0.21,64
Kung Fu Panda,Activision,Action,2008,M,PlayStation 3,1,6.7,0.21,76
Dragon Ball Z: Burst Limit,"Atari,Namco",Action,2008,M,PlayStation 3,2,8.05,0.22,71
Tom Clancy's EndWar,Ubisoft,Strategy,2008,M,PlayStation 3,1,14.53,0.28,76
NHL 09,EA,Sports,2008,M,PlayStation 3,1,26.67,0.31,88
Turok,,Action,2008,M,PlayStation 3,1,9.72,0.36,67
Pure,Disney,"Racing / Driving,Sports",2008,M,PlayStation 3,1,13.67,0.36,83
Guitar Hero: Aerosmith,Activision,"Action,Simulation",2008,M,PlayStation 3,2,11.3,0.65,70
Saints Row 2,THQ,"Action,Racing / Driving",2008,M,PlayStation 3,1,28.1,0.81,82
Dead Space,EA,Action,2008,M,PlayStation 3,1,12.73,0.96,88
Midnight Club: Los Angeles,Rockstar,Racing / Driving,2008,M,PlayStation 3,1,30.67,1.09,82
Fallout 3,,"Action,Role-Playing (RPG)",2008,M,PlayStation 3,1,60.07,1.48,90
Full Auto 2: Battlelines,Sega,"Action,Racing / Driving",2006,T,PlayStation 3,2,10.03,0.14,67
Genji: Days of the Blade,Sony,"Action,Role-Playing (RPG)",2006,T,PlayStation 3,1,13.33,0.17,55
Tony Hawk's Project 8,Activision,Sports,2006,T,PlayStation 3,2,17.17,0.3,76
Need for Speed: Carbon,EA,Racing / Driving,2006,T,PlayStation 3,2,13.3,0.47,75
Call of Duty 3,Activision,Action,2006,T,PlayStation 3,1,8.82,0.52,80
Fight Night Round 3,EA,"Action,Sports",2006,T,PlayStation 3,2,11.18,0.86,83
MotorStorm,Sony,"Action,Racing / Driving,Sports",2006,T,PlayStation 3,1,16.9,1.58,82
SEGA Rally Revo,Sega,"Racing / Driving,Simulation",2007,T,PlayStation 3,2,34,0.07,75
Blazing Angels 2: Secret Missions of WWII,Ubisoft,Action,2007,T,PlayStation 3,2,13,0.08,70
Ratatouille,THQ,Action,2007,T,PlayStation 3,1,13.2,0.09,55
Beowulf: The Game,Ubisoft,Action,2007,T,PlayStation 3,1,10.85,0.12,51
All-Pro Football 2K8,2K,Sports,2007,T,PlayStation 3,6,12,0.14,73
The BIGS,2K,"Action,Simulation,Sports",2007,T,PlayStation 3,4,16.82,0.16,80
NHL 08,EA,Sports,2007,T,PlayStation 3,7,17.5,0.17,86
Juiced 2: Hot Import Nights,THQ,Racing / Driving,2007,T,PlayStation 3,1,16.45,0.18,71
F.E.A.R.: First Encounter Assault Recon,,Action,2007,T,PlayStation 3,1,9.4,0.18,72
MX vs. ATV Untamed,THQ,Racing / Driving,2007,T,PlayStation 3,2,12,0.33,67
Tom Clancy's Ghost Recon: Advanced Warfighter 2...,Ubisoft,Action,2007,T,PlayStation 3,4,8.67,0.35,84
NCAA Football 08,EA,Sports,2007,T,PlayStation 3,2,12,0.36,77
Need for Speed: ProStreet,EA,Racing / Driving,2007,T,PlayStation 3,2,13.1,0.75,73
Madden NFL 08,EA,Sports,2007,T,PlayStation 3,4,106,0.94,81
The Elder Scrolls IV: Oblivion,Ubisoft,"Action,Role-Playing (RPG)",2007,T,PlayStation 3,1,101.08,1.2,93
Uncharted: Drake's Fortune,Sony,Action,2007,T,PlayStation 3,1,9.5,1.76,88
Assassin's Creed,Ubisoft,Action,2007,T,PlayStation 3,1,18.75,1.77,81
Overlord: Raising Hell,,"Action,Strategy",2008,T,PlayStation 3,2,21.98,0.05,72
FIFA Street 3,EA,Sports,2008,T,PlayStation 3,1,5.75,0.06,63
Afrika,Sony,"Adventure,Simulation",2008,T,PlayStation 3,1,28.27,0.1,63
Condemned 2: Bloodshot,Sega,"Action,Adventure",2008,T,PlayStation 3,1,10.15,0.16,82
Lost: Via Domus,Ubisoft,"Action,Adventure",2008,T,PlayStation 3,1,5.83,0.17,54
The Incredible Hulk,Sega,Action,2008,T,PlayStation 3,1,5.22,0.21,55
Turning Point: Fall of Liberty,,Action,2008,T,PlayStation 3,1,5.12,0.22,42
Dark Sector,,Action,2008,T,PlayStation 3,1,9.17,0.23,72
Enemy Territory: Quake Wars,Activision,Action,2008,T,PlayStation 3,1,9.92,0.24,60
Lost Planet: Extreme Condition,Capcom,Action,2008,T,PlayStation 3,1,8.87,0.29,67
Mirror's Edge,EA,Action,2008,T,PlayStation 3,1,7.02,0.29,79
GRID,,"Racing / Driving,Simulation,Sports",2008,T,PlayStation 3,1,28.58,0.31,87
Iron Man,Sega,Action,2008,T,PlayStation 3,1,5.8,0.33,42
MotorStorm: Pacific Rift,Sony,"Action,Racing / Driving,Sports",2008,T,PlayStation 3,4,37.5,0.37,82
Sonic Unleashed,Sega,"Action,Adventure",2008,T,PlayStation 3,1,13.15,0.42,54
Brothers in Arms: Hell's Highway,Ubisoft,Action,2008,T,PlayStation 3,1,8.97,0.42,76
Far Cry 2,Ubisoft,Action,2008,T,PlayStation 3,1,26,0.43,85
Tomb Raider: Underworld,Eidos,Action,2008,T,PlayStation 3,1,11.52,0.44,75
Prince of Persia,Ubisoft,Action,2008,T,PlayStation 3,1,13.92,0.48,85
Haze,Ubisoft,Action,2008,T,PlayStation 3,2,7.65,0.49,55
Devil May Cry 4,Capcom,Action,2008,T,PlayStation 3,1,13.35,0.56,84
Valkyria Chronicles,Sega,"Action,Role-Playing (RPG),Strategy",2008,T,PlayStation 3,1,37.08,0.65,86
Army of Two,EA,Action,2008,T,PlayStation 3,2,6.8,0.75,74
Battlefield: Bad Company,EA,Action,2008,T,PlayStation 3,1,8.27,0.76,84
Burnout Paradise,EA,"Action,Racing / Driving",2008,T,PlayStation 3,1,27.15,1.01,87
LittleBigPlanet,Sony,Action,2008,T,PlayStation 3,4,13.7,2.46,95
Call of Duty: World at War,Activision,Action,2008,T,PlayStation 3,4,10.28,2.53,85
Metal Gear Solid 4: Guns of the Patriots,Konami,Action,2008,T,PlayStation 3,1,19.87,2.58,94
Ape Escape Academy,Sony,"Action,Sports",2004,E,Sony PSP,4,1.88,0.13,51
Darkstalkers Chronicle: The Chaos Tower,Capcom,Action,2004,E,Sony PSP,1,1.63,0.14,74
Dynasty Warriors,,"Action,Adventure,Role-Playing (RPG)",2004,E,Sony PSP,1,8.88,0.2,62
Metal Gear Ac!d,Konami,Strategy,2004,E,Sony PSP,1,25.38,0.34,75
Ridge Racer,Namco,Racing / Driving,2004,E,Sony PSP,1,0.82,0.36,88
Lumines: Puzzle Fusion,Ubisoft,Strategy,2004,E,Sony PSP,1,10.1,0.56,89
Exit,Ubisoft,Action,2005,E,Sony PSP,1,6,0.05,77
Pac-Man World 3,"EA,Namco",Action,2005,E,Sony PSP,1,8,0.06,61
Rengoku: The Tower of Purgatory,Konami,"Action,Role-Playing (RPG)",2005,E,Sony PSP,1,4.72,0.11,43
Metal Gear Ac!d 2,Konami,Strategy,2005,E,Sony PSP,1,14.83,0.12,80
Dead to Rights: Reckoning,Namco,Action,2005,E,Sony PSP,1,3.1,0.13,54
Kingdom of Paradise,Sony,"Action,Role-Playing (RPG)",2005,E,Sony PSP,2,23,0.13,72
Infected,,Action,2005,E,Sony PSP,1,6.67,0.15,74
SSX on Tour,EA,Sports,2005,E,Sony PSP,1,15.5,0.2,79
NBA 06,Sony,Sports,2005,E,Sony PSP,1,4,0.22,72
Mega Man Maverick Hunter X,Capcom,Action,2005,E,Sony PSP,1,6.77,0.25,79
Capcom Classics Collection Remixed,Capcom,Action,2005,E,Sony PSP,1,35.67,0.28,72
NBA Live 06,EA,Sports,2005,E,Sony PSP,1,4,0.42,80
WipEout Pure,Sony,"Action,Racing / Driving",2005,E,Sony PSP,1,9.52,0.45,88
Need for Speed Underground: Rivals,EA,Racing / Driving,2005,E,Sony PSP,4,22.37,0.73,74
Madden NFL 06,EA,Sports,2005,E,Sony PSP,1,3.75,0.75,75
SOCOM: U.S. Navy SEALs - Fireteam Bravo,Sony,Action,2005,E,Sony PSP,1,8.58,1.07,82
Star Wars: Battlefront II,,Action,2005,E,Sony PSP,1,15.02,1.09,69
Grand Theft Auto: Liberty City Stories,"Capcom,Rockstar","Action,Racing / Driving",2005,E,Sony PSP,1,20.27,2.97,88
MotoGP,Sony,"Racing / Driving,Sports",2006,E,Sony PSP,1,7.5,0.03,69
OutRun 2006: Coast 2 Coast,Sega,Racing / Driving,2006,E,Sony PSP,1,5.18,0.03,82
The Legend of Heroes II: Prophecy of the Moonli...,Namco,Role-Playing (RPG),2006,E,Sony PSP,1,24.7,0.04,63
Gitaroo Man Lives!,,Simulation,2006,E,Sony PSP,1,2.43,0.04,80
Ys VI: The Ark of Napishtim,Konami,"Action,Role-Playing (RPG)",2006,E,Sony PSP,1,14.72,0.05,64
Death Jr. II: Root of Evil,Konami,Action,2006,E,Sony PSP,2,9.7,0.05,68
Snoopy vs. the Red Baron,Namco,Action,2006,E,Sony PSP,1,6,0.05,76
Blade Dancer: Lineage of Light,,Role-Playing (RPG),2006,E,Sony PSP,1,29.28,0.06,60
Ultimate Ghosts 'N' Goblins,Capcom,Action,2006,E,Sony PSP,1,6.15,0.06,72
Every Extend Extra,,Action,2006,E,Sony PSP,1,12,0.06,74
Viewtiful Joe: Red Hot Rumble,Capcom,Action,2006,E,Sony PSP,1,10.57,0.07,63
Samurai Warriors: State of War,,Action,2006,E,Sony PSP,1,10.5,0.07,64
Innocent Life: A Futuristic Harvest Moon,,"Role-Playing (RPG),Simulation,Strategy",2006,E,Sony PSP,1,33.73,0.08,67
Avatar: The Last Airbender,THQ,Action,2006,E,Sony PSP,1,4.75,0.11,57
Eragon,,Action,2006,E,Sony PSP,4,8.83,0.11,59
Lemmings,Sony,Strategy,2006,E,Sony PSP,1,20.43,0.11,76
Mega Man Powered Up,Capcom,Action,2006,E,Sony PSP,1,5.63,0.11,82
Lumines II,,Strategy,2006,E,Sony PSP,2,14.5,0.12,81
Dungeon Siege: Throne of Agony,2K,Role-Playing (RPG),2006,E,Sony PSP,1,17.6,0.13,74
Valkyrie Profile: Lenneth,SquareEnix,Role-Playing (RPG),2006,E,Sony PSP,1,37.5,0.16,80
Thrillville,Atari,"Simulation,Strategy",2006,E,Sony PSP,1,8.23,0.2,72
Tiger Woods PGA Tour 07,EA,Sports,2006,E,Sony PSP,1,10,0.21,78
Monster Hunter Freedom,Capcom,"Action,Strategy",2006,E,Sony PSP,1,279.73,0.25,71
Ace Combat X: Skies of Deception,Namco,"Action,Simulation",2006,E,Sony PSP,1,4.88,0.32,75
Marvel Ultimate Alliance,Activision,"Action,Role-Playing (RPG)",2006,E,Sony PSP,1,15.25,0.34,81
Mortal Kombat: Unchained,Midway,Action,2006,E,Sony PSP,2,13.55,0.67,70
Medal of Honor: Heroes,EA,Action,2006,E,Sony PSP,1,4.97,0.81,71
Tekken: Dark Resurrection,"Namco,Sony",Action,2006,E,Sony PSP,1,22.65,0.81,88
Need for Speed: Carbon - Own the City,EA,Racing / Driving,2006,E,Sony PSP,1,18.03,0.93,73
Grand Theft Auto: Vice City Stories,Rockstar,"Action,Racing / Driving",2006,E,Sony PSP,1,21.03,1.72,86
Dragoneer's Aria,,Role-Playing (RPG),2007,E,Sony PSP,1,37.63,0.02,56
Dead Head Fred,,Action,2007,E,Sony PSP,1,9.9,0.03,75
Pursuit Force: Extreme Justice,Sony,"Action,Racing / Driving",2007,E,Sony PSP,1,8.5,0.05,73
Juiced 2: Hot Import Nights,THQ,Racing / Driving,2007,E,Sony PSP,1,16.45,0.05,73
Coded Arms: Contagion,Konami,Action,2007,E,Sony PSP,1,9.85,0.06,56
Alien Syndrome,Sega,Action,2007,E,Sony PSP,1,2.78,0.07,51
7 Wonders of the Ancient World,,Strategy,2007,E,Sony PSP,1,7.48,0.08,51
Crush,Sega,Action,2007,E,Sony PSP,1,6.88,0.08,83
The Golden Compass,Sega,Action,2007,E,Sony PSP,1,8.57,0.1,28
Harry Potter and the Order of the Phoenix,EA,Action,2007,E,Sony PSP,1,12.38,0.1,52
Castlevania: The Dracula X Chronicles,Konami,Action,2007,E,Sony PSP,2,8.57,0.21,80
Silent Hill: 0rigins,Konami,Action,2007,E,Sony PSP,1,6.17,0.22,78
300: March to Glory,Eidos,Action,2007,E,Sony PSP,1,7.4,0.26,55
Dragon Ball Z: Shin Budokai - Another Road,"Atari,Namco",Action,2007,E,Sony PSP,1,8.62,0.27,65
Final Fantasy II,SquareEnix,Role-Playing (RPG),2007,E,Sony PSP,1,29.93,0.31,63
WWE Smackdown vs. Raw 2008,THQ,Sports,2007,E,Sony PSP,4,25.32,0.46,68
Medal of Honor: Heroes 2,EA,Action,2007,E,Sony PSP,1,4.97,0.5,69
Call of Duty: Roads to Victory,Activision,Action,2007,E,Sony PSP,1,5.75,0.51,64
Madden NFL 08,EA,Sports,2007,E,Sony PSP,1,106,0.64,75
Ratchet & Clank: Size Matters,Sony,Action,2007,E,Sony PSP,1,8.02,1.47,85
FlatOut: Head On,,"Racing / Driving,Sports",2008,E,Sony PSP,1,21.8,0.14,74
LEGO Indiana Jones: The Original Adventures,,Action,2008,E,Sony PSP,1,15.13,0.34,76
Iron Man,Sega,Action,2008,E,Sony PSP,1,5.8,0.46,44
The Lord of the Rings: Tactics,EA,"Role-Playing (RPG),Strategy",2005,M,Sony PSP,1,5,0.11,64
Pursuit Force,Sony,"Action,Racing / Driving",2005,M,Sony PSP,1,9.83,0.14,75
Death Jr.,Konami,Action,2005,M,Sony PSP,1,3.53,0.19,61
X-Men: Legends II - Rise of Apocalypse,Activision,"Action,Role-Playing (RPG)",2005,M,Sony PSP,1,22.33,0.27,84
Coded Arms,Konami,Action,2005,M,Sony PSP,1,7.07,0.3,59
Spider-Man 2,Activision,Action,2005,M,Sony PSP,1,13.25,0.38,67
Untold Legends: Brotherhood of the Blade,"Activision,Sony","Action,Role-Playing (RPG)",2005,M,Sony PSP,1,21,0.56,68
Need for Speed: Most Wanted 5-1-0,EA,Racing / Driving,2005,M,Sony PSP,1,11.38,1.67,72
Spider-Man 3,Ubisoft,Action,2006,M,Sony PSP,1,10.83,0.01,58
Xiaolin Showdown,Konami,Action,2006,M,Sony PSP,1,9.45,0.06,44
Riviera: The Promised Land,,Role-Playing (RPG),2006,M,Sony PSP,1,24.32,0.07,68
Power Stone Collection,Capcom,Action,2006,M,Sony PSP,1,8.37,0.08,74
Major League Baseball 2K6,2K,Sports,2006,M,Sony PSP,1,7.65,0.12,69
NHL 07,EA,Sports,2006,M,Sony PSP,4,9,0.14,76
Justice League Heroes,,Action,2006,M,Sony PSP,1,10.37,0.17,72
Family Guy Video Game!,2K,Action,2006,M,Sony PSP,1,6.1,0.19,51
Syphon Filter: Dark Mirror,Sony,Action,2006,M,Sony PSP,1,8.47,0.24,87
Street Fighter Alpha 3 MAX,Capcom,Action,2006,M,Sony PSP,1,3,0.27,80
Killzone: Liberation,Sony,"Action,Strategy",2006,M,Sony PSP,1,8.3,0.32,77
Tony Hawk's Project 8,Activision,Sports,2006,M,Sony PSP,2,17.17,0.42,68
R-Type Command,,Strategy,2007,M,Sony PSP,1,31.9,0.02,69
Virtua Tennis 3,Sega,Sports,2007,M,Sony PSP,1,18.17,0.02,79
Test Drive Unlimited,Atari,Racing / Driving,2007,M,Sony PSP,1,53.4,0.08,80
The BIGS,2K,"Action,Simulation,Sports",2007,M,Sony PSP,1,16.82,0.11,72
Disgaea: Afternoon of Darkness,,"Role-Playing (RPG),Strategy",2007,M,Sony PSP,1,87.5,0.15,87
The Simpsons Game,EA,Action,2007,M,Sony PSP,1,1.03,0.23,59
Final Fantasy Tactics,SquareEnix,"Role-Playing (RPG),Strategy",2007,M,Sony PSP,1,58.17,0.44,88
Sonic Rivals 2,Sega,Action,2007,M,Sony PSP,1,22,0.46,60
Harvey Birdman: Attorney at Law,Capcom,Adventure,2008,M,Sony PSP,1,4.13,0.05,62
Secret Agent Clank,Sony,Action,2008,M,Sony PSP,1,7.77,0.05,72
Wild Arms XF,,Role-Playing (RPG),2008,M,Sony PSP,1,56.23,0.06,64
Bomberman,,"Action,Strategy",2008,M,Sony PSP,1,3.33,0.15,73
LocoRoco 2,Sony,"Action,Strategy",2008,M,Sony PSP,1,17.27,0.17,85
MLB 08: The Show,Sony,Sports,2008,M,Sony PSP,1,10,0.33,83
LEGO Batman: The Videogame,,Action,2008,M,Sony PSP,1,17.33,0.54,73
Tokobot,,Strategy,2005,T,Sony PSP,1,9.33,0.06,72
The Legend of Heroes: A Tear of Vermillion,,Role-Playing (RPG),2005,T,Sony PSP,1,31.28,0.08,68
MediEvil Resurrection,Sony,Action,2005,T,Sony PSP,1,9.6,0.19,66
Harry Potter and the Goblet of Fire,EA,Action,2005,T,Sony PSP,1,10.53,0.19,70
Marvel Nemesis: Rise of the Imperfects ,EA,Action,2005,T,Sony PSP,1,5.03,0.31,58
WWE Smackdown vs. Raw 2006,THQ,"Action,Sports",2005,T,Sony PSP,4,19.5,0.38,81
The Sims 2,EA,"Simulation,Strategy",2005,T,Sony PSP,1,55.93,0.46,65
Tony Hawk's Underground 2: Remix,Activision,Sports,2005,T,Sony PSP,1,23.45,0.49,83
Burnout Legends,EA,"Action,Racing / Driving",2005,T,Sony PSP,1,12.83,0.68,86
Midnight Club 3: DUB Edition,Rockstar,Racing / Driving,2005,T,Sony PSP,1,39,1.69,74
Platypus,,Action,2006,T,Sony PSP,2,1.43,0.01,59
Gurumin: A Monstrous Adventure,,Action,2006,T,Sony PSP,1,11.52,0.01,78
Metal Gear Solid: Digital Graphic Novel,Konami,Adventure,2006,T,Sony PSP,1,3.18,0.02,78
Astonishia Story,Ubisoft,"Role-Playing (RPG),Strategy",2006,T,Sony PSP,1,19.05,0.03,48
Pac-Man World Rally,Namco,"Action,Racing / Driving",2006,T,Sony PSP,1,2.75,0.04,51
Gradius Collection,Konami,Action,2006,T,Sony PSP,1,10.12,0.04,76
FIFA Street 2,EA,Sports,2006,T,Sony PSP,1,25.72,0.07,58
007: From Russia with Love,EA,"Action,Racing / Driving",2006,T,Sony PSP,1,6.38,0.07,61
PaRappa the Rapper,Sony,Action,2006,T,Sony PSP,1,1.7,0.07,67
Def Jam Fight for NY: The Takeover,EA,Action,2006,T,Sony PSP,1,5.13,0.09,79
Star Wars: Lethal Alliance,Ubisoft,Action,2006,T,Sony PSP,1,5.67,0.12,61
Worms: Open Warfare,THQ,"Action,Strategy",2006,T,Sony PSP,1,9.12,0.12,70
LocoRoco,Sony,"Action,Strategy",2006,T,Sony PSP,1,8.17,0.13,83
Field Commander,"Sony,Ubisoft",Strategy,2006,T,Sony PSP,2,13.88,0.16,77
Valhalla Knights,,"Action,Role-Playing (RPG)",2006,T,Sony PSP,1,100,0.17,53
Brothers in Arms: D-Day,Ubisoft,Action,2006,T,Sony PSP,1,8,0.19,65
The Sims 2: Pets,EA,Simulation,2006,T,Sony PSP,1,27.7,0.21,57
Pirates of the Caribbean: Dead Man's Chest,,Action,2006,T,Sony PSP,1,2.68,0.26,52
WWE SmackDown vs. Raw 2007,THQ,Sports,2006,T,Sony PSP,4,23.4,0.34,78
Metal Gear Solid: Portable Ops,Konami,"Action,Strategy",2006,T,Sony PSP,1,13.35,0.39,87
Fight Night Round 3,EA,"Action,Simulation,Sports",2006,T,Sony PSP,2,11.18,0.48,74
SpongeBob SquarePants: The Yellow Avenger,THQ,Action,2006,T,Sony PSP,1,11.85,0.49,48
LEGO Star Wars II: The Original Trilogy,,Action,2006,T,Sony PSP,2,17.55,0.61,83
Sonic Rivals,Sega,"Action,Racing / Driving",2006,T,Sony PSP,1,9.6,0.76,64
Daxter,Sony,Action,2006,T,Sony PSP,1,9.07,2.38,85
Puzzle Quest: Challenge of the Warlords,,"Role-Playing (RPG),Strategy",2007,T,Sony PSP,1,41.17,0.01,84
Burnout Dominator,EA,"Action,Racing / Driving",2007,T,Sony PSP,4,17.58,0.02,76
Hot Pixel,Atari,Action,2007,T,Sony PSP,1,0.72,0.03,55
The Legend of Heroes III: Song of the Ocean,Namco,Role-Playing (RPG),2007,T,Sony PSP,1,49.88,0.03,58
SEGA Rally Revo,Sega,"Racing / Driving,Simulation",2007,T,Sony PSP,1,34,0.03,74
Heatseeker,,Action,2007,T,Sony PSP,1,9.75,0.04,49
Manhunt 2,Rockstar,Action,2007,T,Sony PSP,1,10.38,0.04,69
Worms: Open Warfare 2,THQ,"Action,Strategy",2007,T,Sony PSP,4,9.12,0.04,80
The Sims 2: Castaway,EA,Simulation,2007,T,Sony PSP,1,8,0.08,64
Thrillville: Off the Rails,,"Simulation,Strategy",2007,T,Sony PSP,1,12.15,0.08,72
Shrek the Third,Activision,Action,2007,T,Sony PSP,1,5.12,0.09,57
Brave Story: New Traveler,,Role-Playing (RPG),2007,T,Sony PSP,1,26.17,0.11,76
WipEout Pulse,Sony,"Action,Racing / Driving",2007,T,Sony PSP,1,8.67,0.11,82
Ben 10: Protector of the Earth,,Action,2007,T,Sony PSP,1,5.08,0.19,60
Jeanne d'Arc,Sony,"Role-Playing (RPG),Strategy",2007,T,Sony PSP,1,39.48,0.21,87
Ghost Rider,2K,Action,2007,T,Sony PSP,4,4.63,0.23,49
Syphon Filter: Logan's Shadow,Sony,"Action,Strategy",2007,T,Sony PSP,1,10.63,0.23,85
The Warriors,Rockstar,Action,2007,T,Sony PSP,1,12.57,0.24,52
Final Fantasy,SquareEnix,Role-Playing (RPG),2007,T,Sony PSP,1,22.4,0.35,67
Monster Hunter Freedom 2,Capcom,"Action,Strategy",2007,T,Sony PSP,1,136.02,0.38,72
Star Wars Battlefront: Renegade Squadron,,Action,2007,T,Sony PSP,1,4.08,0.93,73
Pinball Hall of Fame: The Williams Collection,,Simulation,2008,T,Sony PSP,4,29.25,0.09,78
Star Ocean: First Departure,SquareEnix,"Action,Role-Playing (RPG)",2008,T,Sony PSP,1,23.28,0.17,74
MX vs. ATV Untamed,Ubisoft,Educational,2008,T,Sony PSP,1,12,0.27,59
Patapon,Sony,"Action,Strategy",2008,T,Sony PSP,1,19.9,0.3,86
Dissidia: Final Fantasy,SquareEnix,"Action,Role-Playing (RPG)",2008,T,Sony PSP,1,63.32,0.49,79
Madden NFL 09,EA,Sports,2008,T,Sony PSP,4,15.88,0.68,68
God of War: Chains of Olympus,Sony,Action,2008,T,Sony PSP,1,6.03,1.54,91
Ridge Racer 6,"EA,Namco",Racing / Driving,2005,E,X360,2,8,0.1,74
Amped 3,2K,Sports,2005,E,X360,1,8.57,0.13,72
GUN ,Activision,"Action,Racing / Driving,Role-Playing (RPG)",2005,E,X360,1,8.85,0.22,75
NBA 2K6 ,2K,Sports,2005,E,X360,1,0.62,0.22,81
Quake 4,Activision,Action,2005,E,X360,1,9.13,0.27,75
NBA LIVE 06 ,EA,Sports,2005,E,X360,1,4,0.29,64
Tony Hawk's American Wasteland,Activision,Sports,2005,E,X360,1,12.88,0.29,75
Condemned: Criminal Origins,Sega,"Action,Adventure",2005,E,X360,1,8.17,0.33,81
Battlefield 2: Modern Combat,EA,Action,2005,E,X360,4,7.32,0.36,77
Dead or Alive 4,,Action,2005,E,X360,4,27.38,0.38,85
Madden NFL 06,EA,Sports,2005,E,X360,2,3.75,0.62,74
Perfect Dark Zero,Microsoft,Action,2005,E,X360,4,9.3,0.7,79
Need for Speed: Most Wanted,EA,Racing / Driving,2005,E,X360,2,14.6,0.95,83
Call of Duty 2,"Activision,Konami",Action,2005,E,X360,4,9.23,1.69,89
Rumble Roses XX,Konami,"Action,Sports",2006,E,X360,4,119.25,0.06,62
Import Tuner Challenge,Ubisoft,Racing / Driving,2006,E,X360,2,34.67,0.07,54
Winning Eleven: Pro Evolution Soccer 2007,Konami,Sports,2006,E,X360,6,37,0.08,80
Onechanbara: Bikini Samurai Squad,,Action,2006,E,X360,1,16.98,0.09,39
Phantasy Star Universe,Sega,Role-Playing (RPG),2006,E,X360,1,35.13,0.09,64
Just Cause,Eidos,"Action,Racing / Driving",2006,E,X360,1,14.62,0.09,73
Cabela's Alaskan Adventures,Activision,Sports,2006,E,X360,1,20,0.1,48
Open Season,Ubisoft,Action,2006,E,X360,4,5.47,0.11,59
College Hoops 2K6,2K,Sports,2006,E,X360,1,1.55,0.11,70
Star Trek Legacy,Ubisoft,"Action,Strategy",2006,E,X360,2,9.03,0.14,64
Enchanted Arms,Ubisoft,Role-Playing (RPG),2006,E,X360,1,43.28,0.15,69
Superman Returns,EA,Action,2006,E,X360,1,18.77,0.19,51
Full Auto,Sega,"Action,Racing / Driving",2006,E,X360,2,5,0.19,70
Far Cry: Instincts - Predator,Ubisoft,Action,2006,E,X360,4,18.77,0.19,78
The Outfit,THQ,Action,2006,E,X360,2,7.87,0.23,70
Tenchu Z,Microsoft,Action,2006,E,X360,1,34.03,0.28,56
Hitman: Blood Money,Eidos,Action,2006,E,X360,1,14.07,0.29,82
F.E.A.R.: First Encounter Assault Recon,,Action,2006,E,X360,1,9.4,0.32,85
Tony Hawk's Project 8,Activision,Sports,2006,E,X360,2,17.17,0.42,81
Viva Pi$?ata,Microsoft,"Simulation,Strategy",2006,E,X360,4,38.7,0.44,84
WWE SmackDown vs. Raw 2007,THQ,Sports,2006,E,X360,4,23.4,0.45,81
NBA 2K7 ,2K,Sports,2006,E,X360,1,8.18,0.56,84
LEGO Star Wars II: The Original Trilogy,,Action,2006,E,X360,2,17.55,0.57,81
Tom Clancy's Splinter Cell: Double Agent,Ubisoft,Action,2006,E,X360,1,12.42,0.67,85
Need for Speed: Carbon,EA,Racing / Driving,2006,E,X360,2,13.3,0.78,77
Dead Rising,Capcom,Action,2006,E,X360,1,19.23,1.16,85
Tom Clancy's Rainbow Six: Vegas,Ubisoft,Action,2006,E,X360,2,9.9,1.19,88
Fight Night Round 3,EA,"Action,Sports",2006,E,X360,2,11.18,1.4,86
Tom Clancy's Ghost Recon: Advanced Warfighter,Ubisoft,Action,2006,E,X360,4,8.67,1.46,90
The Elder Scrolls IV: Oblivion,2K,"Action,Role-Playing (RPG)",2006,E,X360,1,101.08,2.12,94
Samurai Warriors 2: Empires,,"Action,Role-Playing (RPG),Strategy",2007,E,X360,2,12.75,0.02,53
Cabela's Big Game Hunter,Activision,"Simulation,Sports",2007,E,X360,1,4.5,0.04,51
F.E.A.R. Files,,Action,2007,E,X360,1,11.58,0.06,66
FlatOut: Ultimate Carnage,,Racing / Driving,2007,E,X360,1,21.8,0.07,80
Fantastic Four: Rise of the Silver Surfer,2K,Action,2007,E,X360,4,7.6,0.08,45
Surf's Up,Ubisoft,Sports,2007,E,X360,4,1.28,0.09,61
SEGA Rally Revo,Sega,"Racing / Driving,Simulation",2007,E,X360,2,34,0.1,77
Thrillville: Off the Rails,,"Simulation,Strategy",2007,E,X360,4,12.15,0.12,73
Conan,THQ,"Action,Adventure",2007,E,X360,1,7.18,0.14,69
Kingdom Under Fire: Circle of Doom,Microsoft,"Action,Role-Playing (RPG)",2007,E,X360,1,107.83,0.15,55
Call of Juarez,Ubisoft,Action,2007,E,X360,1,8.63,0.15,71
Warriors Orochi,,"Action,Role-Playing (RPG)",2007,E,X360,2,16.25,0.17,53
The Elder Scrolls IV: Shivering Isles,,"Action,Role-Playing (RPG)",2007,E,X360,1,21.8,0.18,86
Virtua Fighter 5,Sega,Action,2007,E,X360,2,3.33,0.18,89
Armored Core 4,Sega,Action,2007,E,X360,2,20.6,0.19,65
NHL 08 ,EA,Sports,2007,E,X360,1,17.5,0.22,85
Juiced 2: Hot Import Nights,THQ,Racing / Driving,2007,E,X360,2,16.45,0.23,68
Spider-Man: Friend or Foe,Activision,Action,2007,E,X360,2,11.12,0.27,60
Shrek the Third,Activision,Action,2007,E,X360,2,5.12,0.28,56
TMNT,Ubisoft,Action,2007,E,X360,1,4.92,0.28,58
BlackSite: Area 51,Midway,Action,2007,E,X360,1,5.82,0.29,62
Crash of the Titans,,Action,2007,E,X360,2,7.75,0.29,65
Beowulf: The Game,Ubisoft,Action,2007,E,X360,1,10.85,0.36,51
Kane & Lynch: Dead Men,Eidos,Action,2007,E,X360,2,5.93,0.38,65
Shadowrun,Microsoft,Action,2007,E,X360,1,28.85,0.38,66
DiRT,,"Racing / Driving,Simulation,Sports",2007,E,X360,1,16.03,0.39,83
Medal of Honor: Airborne,EA,Action,2007,E,X360,2,6.38,0.45,73
Spider-Man 3,Activision,Action,2007,E,X360,1,10.83,0.5,63
Ace Combat 6: Fires of Liberation,Namco,"Action,Simulation",2007,E,X360,1,13.45,0.58,80
NCAA Football 08,EA,Sports,2007,E,X360,2,12,0.68,81
The Orange Box,,Action,2007,E,X360,1,34.02,1.06,96
Rock Band,,"Action,Simulation",2007,E,X360,4,19.37,2.02,92
Madden NFL 08,EA,Sports,2007,E,X360,4,106,2.32,85
Call of Duty 4: Modern Warfare,Activision,Action,2007,E,X360,4,8.02,5.77,94
Halo 3,Microsoft,Action,2007,E,X360,4,10.35,8.03,94
The Spiderwick Chronicles,,"Action,Adventure",2008,E,X360,2,5.33,0.07,59
The Incredible Hulk,Sega,Action,2008,E,X360,1,5.22,0.22,55
Dragon Ball Z: Burst Limit,"Atari,Namco",Action,2008,E,X360,2,8.05,0.24,72
Wall-E,THQ,Action,2008,E,X360,4,7.35,0.27,50
Banjo-Kazooie: Nuts & Bolts,Microsoft,"Action,Adventure,Racing / Driving,Sports",2008,E,X360,1,26.93,0.31,79
GRID,,"Racing / Driving,Simulation,Sports",2008,E,X360,1,28.58,0.35,87
Spider-Man: Web of Shadows,Activision,Action,2008,E,X360,1,12.57,0.36,68
Sonic Unleashed,Sega,"Action,Adventure",2008,E,X360,1,13.15,0.41,60
Turok,,Action,2008,E,X360,1,9.72,0.47,69
Brothers in Arms: Hell's Highway,Ubisoft,Action,2008,E,X360,1,8.97,0.47,76
NHL 09 ,EA,Sports,2008,E,X360,1,26.67,0.48,88
Tomb Raider: Underworld,Eidos,Action,2008,E,X360,1,11.52,0.51,76
Tom Clancy's EndWar,Ubisoft,Strategy,2008,E,X360,1,14.53,0.56,77
Need for Speed: Undercover,EA,Racing / Driving,2008,E,X360,1,12.18,0.66,64
Mercenaries 2: World in Flames,EA,Action,2008,E,X360,1,22.87,0.66,72
Battlefield: Bad Company,EA,Action,2008,E,X360,1,8.27,0.83,83
SoulCalibur IV,Namco,Action,2008,E,X360,2,10.08,0.87,85
Guitar Hero: Aerosmith,Activision,"Action,Simulation",2008,E,X360,2,11.3,0.91,70
Midnight Club: Los Angeles,Rockstar,Racing / Driving,2008,E,X360,1,30.67,1.15,81
Saints Row 2,THQ,"Action,Racing / Driving",2008,E,X360,1,28.1,1.39,81
Sega Superstars Tennis,Sega,Sports,2008,E,X360,4,7.88,1.84,67
Rock Band 2,,"Action,Simulation",2008,E,X360,4,62.55,1.85,92
Kung Fu Panda,Activision,Action,2008,E,X360,4,6.7,2.04,75
Fable II,Microsoft,Role-Playing (RPG),2008,E,X360,1,25.15,2.55,89
Gears of War 2,Microsoft,Action,2008,E,X360,2,12.57,3.9,93
Call of Duty: World at War,Activision,Action,2008,E,X360,4,10.28,4.58,84
Grand Theft Auto IV,Rockstar,"Action,Racing / Driving",2008,E,X360,1,38.88,5.76,98
Bullet Witch,Atari,Action,2006,M,X360,1,8.53,0.06,55
Samurai Warriors 2,,Action,2006,M,X360,4,46.18,0.07,52
X-Men: The Official Game,Activision,Action,2006,M,X360,1,11.88,0.14,52
Rockstar Games presents Table Tennis,Rockstar,Sports,2006,M,X360,2,6,0.28,81
Lost Planet: Extreme Condition,Capcom,Action,2006,M,X360,1,8.87,1.15,79
Gears of War,Microsoft,Action,2006,M,X360,2,10.83,3.7,94
Looney Tunes: Acme Arsenal,,Action,2007,M,X360,4,3.83,0.07,40
Zoids Assault,,"Role-Playing (RPG),Strategy",2007,M,X360,1,12.05,0.07,46
Pro Evolution Soccer 2008,Konami,Sports,2007,M,X360,4,63.8,0.08,76
Blazing Angels 2: Secret Missions of WWII,Ubisoft,Action,2007,M,X360,2,13,0.09,72
Hour of Victory,Midway,Action,2007,M,X360,1,6.13,0.11,37
Beautiful Katamari,Namco,Action,2007,M,X360,1,14.55,0.11,73
Golden Axe,Sega,Action,2007,M,X360,2,1.18,0.15,45
Dynasty Warriors: Gundam,Namco,Action,2007,M,X360,2,62.07,0.15,55
Eternal Sonata,Namco,Role-Playing (RPG),2007,M,X360,1,38.15,0.15,79
Soldier of Fortune: Payback,Activision,Action,2007,M,X360,1,3.78,0.16,50
Rayman Raving Rabbids,Ubisoft,Action,2007,M,X360,4,6.7,0.17,67
The BIGS,2K,"Action,Simulation,Sports",2007,M,X360,4,16.82,0.19,79
Harry Potter and the Order of the Phoenix,EA,Action,2007,M,X360,1,12.38,0.22,68
The Golden Compass,Sega,Action,2007,M,X360,1,8.57,0.27,41
Def Jam: Icon,EA,Action,2007,M,X360,2,8,0.32,69
TimeShift,,Action,2007,M,X360,1,8.5,0.32,70
Overlord,,"Action,Strategy",2007,M,X360,1,22.1,0.35,76
The Darkness,2K,Action,2007,M,X360,1,10.9,0.36,82
Two Worlds,,"Action,Role-Playing (RPG)",2007,M,X360,1,32.7,0.43,50
Transformers: The Game,Activision,Action,2007,M,X360,1,7.23,0.51,52
NBA 2K8 ,2K,Sports,2007,M,X360,1,4,0.83,81
Crackdown,Microsoft,"Action,Racing / Driving,Role-Playing (RPG)",2007,M,X360,1,16.67,1.02,83
Battle Fantasia,,"Action,Role-Playing (RPG)",2008,M,X360,2,1.13,0.05,71
Blitz: The League II,Midway,"Action,Sports",2008,M,X360,2,20,0.07,68
Alone in the Dark,Atari,"Action,Adventure,Racing / Driving",2008,M,X360,1,6.6,0.12,58
The Chronicles of Narnia: Prince Caspian,Disney,"Action,Role-Playing (RPG)",2008,M,X360,2,12.82,0.13,56
Lost: Via Domus,Ubisoft,"Action,Adventure",2008,M,X360,1,5.83,0.15,55
Don King Presents: Prizefighter,2K,Sports,2008,M,X360,2,12.85,0.15,56
Command & Conquer 3: Kane's Wrath,EA,Strategy,2008,M,X360,1,9.77,0.15,75
Dynasty Warriors 6,,"Action,Strategy",2008,M,X360,2,29.35,0.16,60
Viking: Battle for Asgard,Sega,Action,2008,M,X360,1,17.5,0.16,68
AC/DC Live: Rock Band - Track Pack,,"Action,Simulation",2008,M,X360,4,3.63,0.19,63
Dark Sector,,Action,2008,M,X360,1,9.17,0.21,72
Crash: Mind over Mutant,,Action,2008,M,X360,1,6.08,0.22,60
Unreal Tournament III,Midway,Action,2008,M,X360,2,14.07,0.23,82
Turning Point: Fall of Liberty,,Action,2008,M,X360,1,5.12,0.24,43
Tales of Vesperia,Namco,"Adventure,Role-Playing (RPG)",2008,M,X360,1,71.78,0.25,79
TNA iMPACT!,Midway,Sports,2008,M,X360,4,15.88,0.26,62
Iron Man,Sega,Action,2008,M,X360,1,5.8,0.28,45
Frontlines: Fuel of War,THQ,Action,2008,M,X360,1,5.85,0.35,75
Mortal Kombat vs. DC Universe,Midway,Action,2008,M,X360,2,4.73,0.98,72
Tom Clancy's Rainbow Six: Vegas 2,Ubisoft,Action,2008,M,X360,2,9.9,1.61,82
Left 4 Dead,,Action,2008,M,X360,2,14.08,2.39,89
LEGO Indiana Jones: The Original Adventures,,Action,2008,M,X360,2,15.13,2.42,77
NHL 2K6 ,2K,Sports,2005,T,X360,1,2.5,0.1,75
Kameo: Elements of Power,Microsoft,Action,2005,T,X360,1,10.03,0.31,79
Peter Jackson's King Kong: The Official Game of...,Ubisoft,Action,2005,T,X360,2,6.97,0.32,80
WarTech: Senko no Ronde,Ubisoft,Action,2006,T,X360,2,25.88,0.03,60
Earth Defense Force 2017,,Action,2006,T,X360,2,22.47,0.03,69
Bionicle Heroes,Eidos,Action,2006,T,X360,1,15.3,0.06,59
Eragon,,Action,2006,T,X360,2,8.83,0.09,48
Project Sylpheed: Arc of Deception,"Microsoft,SquareEnix",Action,2006,T,X360,1,7.65,0.09,64
Dynasty Warriors 5: Empires,,"Action,Role-Playing (RPG),Strategy",2006,T,X360,2,34.32,0.1,61
Fuzion Frenzy 2,Microsoft,"Action,Sports",2006,T,X360,4,4.37,0.12,49
Dead or Alive: Xtreme 2,,"Racing / Driving,Sports",2006,T,X360,1,1,0.13,53
Blitz: The League,Midway,Sports,2006,T,X360,2,15,0.14,69
Top Spin 2,2K,Sports,2006,T,X360,4,10,0.16,75
The Godfather: The Game,EA,Action,2006,T,X360,1,21.15,0.2,77
Chromehounds,Sega,"Action,Simulation,Strategy",2006,T,X360,1,32.67,0.25,71
Test Drive Unlimited,Atari,Racing / Driving,2006,T,X360,1,53.4,0.25,82
NHL 07 ,EA,Sports,2006,T,X360,1,9,0.26,79
Prey,2K,Action,2006,T,X360,1,8.35,0.27,79
The Lord of the Rings: The Battle for Middle Ea...,EA,Strategy,2006,T,X360,1,20.43,0.27,79
Blue Dragon,Microsoft,Role-Playing (RPG),2006,T,X360,1,59.92,0.27,79
Major League Baseball 2K6,2K,Sports,2006,T,X360,2,7.65,0.37,66
Tiger Woods PGA Tour 07,EA,Sports,2006,T,X360,1,10,0.45,80
Saints Row,THQ,"Action,Racing / Driving",2006,T,X360,1,24.68,1.23,81
Call of Duty 3,Activision,Action,2006,T,X360,2,8.82,1.51,82
Marvel Ultimate Alliance,Activision,"Action,Role-Playing (RPG)",2006,T,X360,4,15.25,2.42,82
Virtua Tennis 3,Sega,Sports,2007,T,X360,4,18.17,0.01,80
Bladestorm: The Hundred Years' War,,"Action,Role-Playing (RPG),Strategy",2007,T,X360,1,51.25,0.08,63
Vampire Rain,Microsoft,Action,2007,T,X360,1,10.88,0.15,38
Bee Movie Game,Activision,Action,2007,T,X360,2,5.77,0.15,71
Viva Pi$?ata: Party Animals,Microsoft,Racing / Driving,2007,T,X360,4,8.88,0.17,56
Battlestations: Midway,Eidos,"Action,Strategy",2007,T,X360,1,7.97,0.21,73
Ratatouille,THQ,Action,2007,T,X360,4,13.2,0.22,56
All-Pro Football 2K8,2K,Sports,2007,T,X360,4,12,0.24,75
Stuntman: Ignition,THQ,"Action,Racing / Driving",2007,T,X360,4,8.2,0.26,75
Command & Conquer 3: Tiberium Wars,EA,Strategy,2007,T,X360,1,26.3,0.35,82
Sonic the Hedgehog,Sega,Action,2007,T,X360,2,3.53,0.41,46
Lost Odyssey,Microsoft,Role-Playing (RPG),2007,T,X360,1,69.95,0.45,78
NBA Street Homecourt,EA,Sports,2007,T,X360,4,18.32,0.47,80
Dance Dance Revolution Universe 2,Konami,Action,2007,T,X360,4,8,0.48,65
MX vs. ATV Untamed,THQ,Racing / Driving,2007,T,X360,2,12,0.48,70
Tony Hawk's Proving Ground,Activision,Sports,2007,T,X360,2,8.13,0.51,72
The Simpsons Game,EA,Action,2007,T,X360,2,1.03,0.55,71
Tom Clancy's Ghost Recon: Advanced Warfighter 2...,Ubisoft,Action,2007,T,X360,1,8.67,0.89,86
WWE Smackdown vs. Raw 2008,THQ,Sports,2007,T,X360,4,25.32,0.96,71
LEGO Star Wars: The Complete Saga,,Action,2007,T,X360,2,24.88,1.09,80
Need for Speed: ProStreet,EA,Racing / Driving,2007,T,X360,2,13.1,1.1,72
BioShock,2K,Action,2007,T,X360,1,14.67,1.52,96
Mass Effect,Microsoft,"Action,Role-Playing (RPG)",2007,T,X360,1,28.07,1.57,91
Guitar Hero II,Activision,"Action,Simulation",2007,T,X360,2,13.42,2.04,92
Forza Motorsport 2,Microsoft,Racing / Driving,2007,T,X360,2,59.55,2.48,90
Assassin's Creed,Ubisoft,Action,2007,T,X360,1,18.75,3.17,81
Guitar Hero III: Legends of Rock,Activision,"Action,Simulation",2007,T,X360,2,15.18,3.28,85
Supreme Commander,,Strategy,2008,T,X360,1,24.9,0.04,56
Armored Core: For Answer,Ubisoft,Action,2008,T,X360,1,56.88,0.05,64
Legendary,Atari,Action,2008,T,X360,1,5.85,0.07,47
Space Chimps,,"Action,Adventure",2008,T,X360,2,2.4,0.07,57
FIFA Street 3,EA,Sports,2008,T,X360,4,5.75,0.07,63
Universe at War: Earth Assault,Sega,"Action,Strategy",2008,T,X360,1,16,0.07,66
Conflict: Denied Ops,Eidos,Action,2008,T,X360,4,6.38,0.09,52
Raiden IV,,Action,2008,T,X360,2,0.83,0.09,63
Madagascar: Escape 2 Africa,Activision,Action,2008,T,X360,4,6.5,0.1,62
Culdcept Saga,Namco,Strategy,2008,T,X360,4,47.62,0.12,75
Dark Messiah of Might and Magic: Elements,Ubisoft,"Action,Role-Playing (RPG)",2008,T,X360,1,13.23,0.13,52
Fracture,,Action,2008,T,X360,1,7.9,0.13,63
The Club,Sega,Action,2008,T,X360,4,6.13,0.13,76
Viva Pi$?ata: Trouble in Paradise,Microsoft,"Racing / Driving,Simulation,Strategy",2008,T,X360,2,31.88,0.14,82
Beijing 2008,Sega,Sports,2008,T,X360,4,5.5,0.15,60
Command & Conquer: Red Alert 3,EA,Strategy,2008,T,X360,1,14.7,0.16,77
Silent Hill: Homecoming,Konami,Action,2008,T,X360,1,10.13,0.22,70
The Last Remnant,SquareEnix,Role-Playing (RPG),2008,T,X360,1,87.28,0.23,66
Enemy Territory: Quake Wars,Activision,Action,2008,T,X360,1,9.92,0.26,69
Infinite Undiscovery,SquareEnix,"Action,Role-Playing (RPG)",2008,T,X360,1,34.83,0.27,68
Condemned 2: Bloodshot,Sega,"Action,Adventure",2008,T,X360,1,10.15,0.29,80
Too Human,Microsoft,"Action,Role-Playing (RPG)",2008,T,X360,1,20.52,0.35,65
Sid Meier's Civilization: Revolution,2K,Strategy,2008,T,X360,1,14.4,0.49,84
Mirror's Edge,EA,Action,2008,T,X360,1,7.02,0.5,79
Bully: Scholarship Edition,Rockstar,"Action,Adventure",2008,T,X360,1,18.8,0.53,80
Prince of Persia,Ubisoft,Action,2008,T,X360,1,13.92,0.53,81
Far Cry 2,Ubisoft,Action,2008,T,X360,1,26,0.73,85
Devil May Cry 4,Capcom,Action,2008,T,X360,1,13.35,0.8,84
Army of Two,EA,Action,2008,T,X360,2,6.8,1.12,72
Pure,Disney,"Racing / Driving,Sports",2008,T,X360,1,13.67,1.43,85
Star Wars: The Force Unleashed,,Action,2008,T,X360,1,6.13,1.59,73
LEGO Batman: The Videogame,,Action,2008,T,X360,2,17.33,1.64,76
Guitar Hero: World Tour,Activision,"Action,Simulation",2008,T,X360,4,15.95,1.78,85
Madden NFL 09,EA,Sports,2008,T,X360,4,15.88,2.33,83
Fallout 3,,"Action,Role-Playing (RPG)",2008,T,X360,1,60.07,2.44,93